Odorscenes,activ 0,activ 1,activ 2,activ 3,activ 4,activ 5,activ 6,activ 7,activ 8,activ 9,activ 10,activ 11,activ 12,activ 13,activ 14,activ 15,activ 16,activ 17,activ 18,activ 19,activ 20,activ 21,activ 22,activ 23,activ 24,activ 25,activ 26,activ 27,activ 28,activ 29,occ 0,occ 1,occ 2,occ 3,occ 4,occ 5,occ 6,occ 7,occ 8,occ 9,occ 10,occ 11,occ 12,occ 13,occ 14,occ 15,occ 16,occ 17,occ 18,occ 19,occ 20,occ 21,occ 22,occ 23,occ 24,occ 25,occ 26,occ 27,occ 28,occ 29,odoAmt 0,odoAmt 1,odoAmt 2,odoAmt 3,odoAmt 4,odoAmt 5,odoAmt 6,odoAmt 7,odoAmt 8,odoAmt 9,odoAmt 10,odoAmt 11,odoAmt 12,odoAmt 13,odoAmt 14,odoAmt 15,odoAmt 16,odoAmt 17,odoAmt 18,odoAmt 19,odoAmt 20,odoAmt 21,odoAmt 22,odoAmt 23,odoAmt 24,odoAmt 25,odoAmt 26,odoAmt 27,odoAmt 28,odoAmt 29
Odorscene1,9.557586874225457e-46,1.4383166538468107e-21,2.356353451109257e-32,2.7405172859986394e-125,2.899220531340923e-22,4.5182871581772155e-190,1.2906844164120008e-18,7.694219421494554e-142,3.346082869981689e-75,1.0832865718710505e-83,7.965946340404934e-31,6.246289209584903e-200,6.655317552188451e-34,1.9619251106227677e-45,1.7458325477821434e-34,1.0390078996880264e-123,1.4231149258750962e-46,6.863843249290639e-67,1.203443692293687e-60,8.701454014332691e-38,2.979420456163707e-38,1.9963715179675372e-39,4.75893133751865e-84,2.051798726442052e-48,1.5133124271731757e-126,2.2111489038670148e-245,1.1691067295437764e-39,3.903447027489031e-56,5.011105476175334e-124,2.1481851488574552e-128,9.999999999e-11,1.0000000013432771e-10,9.999999999e-11,9.999999999e-11,1.0000169201705063e-10,9.999999999e-11,1.0000000419868292e-10,9.999999999e-11,9.999999999e-11,9.999999999e-11,9.99999999900311e-11,9.999999999e-11,9.999999999000082e-11,9.999999999e-11,9.999999999e-11,9.999999999e-11,9.999999999e-11,9.999999999e-11,9.999999999e-11,9.999999999011357e-11,9.999999999000015e-11,9.999999999e-11,9.999999999e-11,9.999999999e-11,9.999999999e-11,9.999999999e-11,9.9999999990006e-11,9.999999999e-11,9.999999999e-11,9.999999999e-11,0.0,0.0,0.0,0.0,0.0,0.0,0.0,0.0,0.0,0.0,0.0,0.0,0.0,0.0,0.0,0.0,0.0,0.0,0.0,0.0,0.0,0.0,0.0,0.0,0.0,0.0,0.0,0.0,0.0,0.0
Odorscene2,2.113804019813483e-87,1.780732391198542e-76,3.257884363847678e-13,9.073525107638343e-79,1.2874131288719254e-38,2.5411687855334392e-28,6.994825549459899e-47,4.1638611697601337e-38,1.0223711234009561e-23,1.617548494709408e-65,1.1525550654002804e-23,5.261087957815878e-35,6.06140964697898e-28,1.9801932451088724e-28,6.412756384764191e-19,7.333088443765499e-14,4.420069119298979e-17,9.229244175900754e-49,7.118290907848579e-37,1.3890277627474884e-18,1.928148023068186e-66,8.9293578068548e-19,9.513713592070831e-21,0.0010304400962864795,4.369821594165412e-30,2.5484289833135677e-26,1.0868391835867497e-41,7.655573822367656e-105,3.0708251660088414e-14,1.9720307643286688e-107,1.9999999996e-10,1.9999999996e-10,3.5499694736052464e-10,1.9999999996e-10,1.9999999996e-10,1.9999999996e-10,1.9999999996e-10,1.9999999996e-10,2.0000015299631715e-10,1.9999999996e-10,2.0000000029973231e-10,1.9999999996e-10,1.9999999996057575e-10,1.9999999996e-10,2.0000197848556908e-10,2.0174720564232142e-10,2.000010483715668e-10,1.9999999996e-10,1.9999999996e-10,2.0037829598915813e-10,1.9999999996e-10,2.0027393929655325e-10,2.0000000001283508e-10,0.0017516594531581425,2.000000002570953e-10,1.9999999996e-10,1.9999999996e-10,1.9999999996e-10,2.381916028516885e-10,1.9999999996e-10,0.0,0.0,0.0,0.0,0.0,0.0,0.0,0.0,0.0,0.0,0.0,0.0,0.0,0.0,0.0,0.0,0.0,0.0,0.0,0.0,0.0,0.0,0.0,0.0,0.0,0.0,0.0,0.0,0.0,0.0
Odorscene3,6.413723326461328e-40,1.149707700331795e-20,8.783030813318634e-16,1.087373083547271e-35,9.143776879307302e-27,1.69911968281513e-25,1.2580524466736944e-21,2.5299007889415422e-31,6.369480431879896e-16,1.7829521764636683e-123,7.280555839190738e-17,3.6833930192524605e-46,4.612004647404236e-88,4.0960443933506036e-17,2.074513912910246e-68,4.527080638030774e-24,5.351932886956732e-21,1.1062951561506297e-39,0.49999999995,4.812831049382933e-15,4.258739145650338e-48,5.951412473358365e-51,9.675956028117038e-68,1.8204883967628524e-136,3.8521860601119e-05,1.9870388148181027e-39,1.843594930932354e-12,1.1608490470117867e-15,1.147104628116399e-17,2.349012295409658e-85,2.9999999991e-10,3.0000000049896785e-10,3.0000766063966197e-10,2.9999999991e-10,3.000000526250873e-10,3.0000000105506437e-10,3.0000058705460463e-10,2.999999999100001e-10,3.013952421127022e-10,2.9999999991e-10,3.0006016171874466e-10,2.9999999991e-10,2.9999999991e-10,3.000088600616122e-10,2.9999999991e-10,2.99999999910005e-10,3.0000000248529713e-10,2.9999999991e-10,0.50000000005,3.000403256896554e-10,2.9999999991e-10,2.9999999991e-10,2.9999999991e-10,2.9999999991e-10,8.013412019907414e-05,2.9999999991e-10,6.836575911604648e-10,3.0016602242397597e-10,3.011606810569248e-10,2.9999999991e-10,0.0,0.0,0.0,0.0,0.0,0.0,0.0,0.0,0.0,0.0,0.0,0.0,0.0,0.0,0.0,0.0,0.0,0.0,0.0,0.0,0.0,0.0,0.0,0.0,0.0,0.0,0.0,0.0,0.0,0.0
Odorscene4,4.649115278009558e-16,2.6682734747811468e-89,4.465357193004041e-22,6.189320456392004e-56,7.065833733077747e-76,3.594552060056212e-17,3.8081657799858746e-18,1.2969458615121296e-14,1.230229552574228e-46,1.8926589894561426e-13,4.295744255098687e-65,6.415580484390842e-12,3.632744397268241e-47,3.6460703509322995e-10,8.850830835158895e-12,1.4611003286810828e-38,6.749415480342321e-17,2.045662825898353e-20,6.629897255696798e-33,5.641435821457713e-17,5.0974315205274686e-14,2.1130711591297644e-30,1.299722820917112e-19,1.0191522536697178e-08,4.27593598790349e-49,7.1681289739809445e-59,3.6375918882296456e-92,1.2817071007444652e-47,6.131660053746224e-40,2.293772106420677e-26,4.0000534331378073e-10,3.9999999984e-10,4.000042883179095e-10,3.9999999984e-10,3.9999999984e-10,4.0182052037135793e-10,4.0000002476085694e-10,4.053978729464404e-10,3.9999999984e-10,4.305435894302227e-10,3.9999999984e-10,4.995461307990816e-10,3.9999999984e-10,2.5623895521328386e-09,5.84626029165686e-10,3.9999999984000095e-10,4.000383879586592e-10,4.000199402201539e-10,3.9999999984e-10,4.0071785632885836e-10,4.032420514958251e-10,3.9999999984e-10,4.0000000713436425e-10,6.271644955087621e-08,3.9999999984e-10,3.9999999984e-10,3.9999999984e-10,3.9999999984e-10,3.9999999984e-10,4.000000085236164e-10,0.0,0.0,0.0,0.0,0.0,1.0,0.0,0.0,0.0,0.0,0.0,0.0,0.0,0.0,0.0,0.0,0.0,0.0,1.0,0.0,0.0,0.0,0.0,0.0,0.0,0.0,0.0,0.0,0.0,0.0
Odorscene5,4.58953551295694e-61,2.316121459297977e-14,2.992243432363949e-20,9.129045676983398e-11,0.005876573182643353,2.8542066385583482e-37,6.6535347505590876e-49,1.7853221112892644e-24,1.3344650763089818e-05,1.169167326520666e-23,1.3336341619702178e-24,8.180952550658099e-14,2.0576395105293412e-22,1.2252961338217324e-15,4.278811403876631e-22,4.631962899789774e-21,7.982106897757752e-15,1.456359093312535e-21,5.708273421476596e-13,1.3283083025431124e-14,4.530979192232625e-25,5.992289599498992e-13,5.786409023510669e-16,6.103628878388979e-26,1.3353433409229952e-32,3.510510300986074e-27,3.954237599366151e-20,1.1288939290987657e-46,5.489885628903631e-19,1.3111238209105435e-24,4.9999999975e-10,5.132103962935054e-10,4.999999998175671e-10,4.597972154262232e-09,0.0075417073511389815,4.9999999975e-10,4.9999999975e-10,5.000000002938871e-10,2.382332646739259e-05,5.000000023330613e-10,5.000000000431519e-10,5.015840869708207e-10,4.999999997506846e-10,5.000096557514351e-10,5.000014351985675e-10,5.000000098580723e-10,5.010660055493011e-10,5.000014328529838e-10,5.151565964412053e-10,5.083515722476031e-10,4.999999997500007e-10,6.264074383323777e-10,5.000158842004226e-10,4.999999997500032e-10,4.999999997500197e-10,4.9999999975e-10,4.999999999279331e-10,4.9999999975e-10,5.000271764184496e-10,4.999999997500066e-10,0.0,0.0,0.0,0.0,1.0,0.0,0.0,0.0,0.0,0.0,0.0,0.0,0.0,0.0,1.0,0.0,0.0,0.0,0.0,0.0,0.0,0.0,0.0,0.0,0.0,0.0,0.0,0.0,0.0,0.0
Odorscene6,1.8669461253721803e-18,5.668796493774618e-28,4.083325431182755e-41,5.8712694353296966e-24,1.541195044437415e-14,2.4093113649749355e-11,4.3903495076726634e-13,1.2822710788216582e-68,4.285542334842471e-17,2.9977759455788544e-24,8.628676278573686e-14,9.006195181693006e-32,3.978421950141441e-24,9.09671568765926e-23,8.151159707825967e-32,1.7382190735204852e-19,3.069780963706293e-29,1.6497561373017087e-16,3.1237024072433495e-12,3.920318528245128e-33,2.0157769425013e-11,8.696567039404494e-14,8.034305381974672e-22,5.261245774703111e-22,2.6529947034120665e-13,1.509988104051532e-18,8.244591880234657e-30,7.353240362668374e-20,1.8825340344534152e-29,1.0497510542882191e-19,7.000187990740293e-10,6.999999995126494e-10,6.9999999951e-10,7.000002432137557e-10,7.001378763496864e-10,1.0784929283022888e-09,7.175987117205909e-10,6.9999999951e-10,7.021136726943425e-10,6.999999995101224e-10,7.018599586019342e-10,6.9999999951e-10,6.999999995138019e-10,7.000006622443711e-10,6.9999999951e-10,7.00066377245138e-10,6.9999999951e-10,7.0049739492004e-10,7.47289739318091e-10,6.9999999951e-10,2.13416763700132e-09,7.010278964337336e-10,7.000000008830519e-10,7.000027442267993e-10,7.212641892610805e-10,7.000001178069863e-10,6.999999995100213e-10,7.000113958045114e-10,6.999999995100031e-10,7.000015626237337e-10,0.0,0.0,0.0,0.0,0.0,0.0,0.0,0.0,0.0,0.0,0.0,0.0,0.0,0.0,0.0,0.0,0.0,0.0,0.0,0.0,0.0,0.0,0.0,0.0,0.0,0.0,0.0,0.0,0.0,0.0
Odorscene7,7.114485537363528e-23,3.061298441926951e-17,3.153256635209506e-23,4.319229222969553e-16,5.773617726392501e-29,3.454985430063919e-34,8.178032865912933e-13,1.1418252343921367e-12,2.5868310769157425e-19,1.0367219380832588e-19,7.797205677642228e-21,2.451395401937078e-22,1.1444191466547354e-37,1.7513780790938958e-11,9.253365757970386e-29,3.004233114700825e-14,9.490889061115085e-25,1.9351740907391445e-21,3.0162333026616324e-12,0.0017193023980217905,2.625427022695272e-12,4.938270758998415e-13,8.55218749671311e-21,3.0546763472379785e-29,1.9824709389769488e-23,3.237585941954299e-13,1.2447808843761907e-06,4.3318479630344515e-35,1.5075483504532727e-13,1.0411415982708005e-45,1.0000021495426489e-09,1.0000297297318243e-09,1.0000000078160317e-09,1.0059386003993505e-09,9.999999993924142e-10,9.999999990000001e-10,1.119679548785423e-09,1.3089078301383572e-09,1.000000039572829e-09,1.0000013224430899e-09,9.99999999303977e-10,9.999999990852682e-10,9.999999990000001e-10,1.3274542778408487e-09,9.999999990000001e-10,1.0018340976639147e-09,1.000000006889368e-09,9.999999990540113e-10,1.3161309271937469e-09,0.0024528721638645166,1.3782090436520808e-09,1.030883406405359e-09,1.0000003720579326e-09,9.999999990000001e-10,9.999999990171577e-10,1.052919656569818e-09,5.747357281311555e-06,9.999999990010628e-10,1.0019366381541286e-09,9.999999990000001e-10,0.0,0.0,0.0,0.0,0.0,0.0,0.0,0.0,0.0,0.0,0.0,0.0,0.0,0.0,0.0,0.0,0.0,0.0,0.0,0.0,0.0,0.0,0.0,0.0,1.0,0.0,0.0,0.0,0.0,0.0
Odorscene8,7.660584170131291e-15,6.855928687737645e-05,3.444348283072572e-10,3.218376160570902e-25,6.485709757267094e-26,3.508067437687859e-08,9.663009410984769e-15,1.0750637159680455e-11,1.4052229641897765e-24,1.1728584234220628e-17,3.4631840004897017e-09,3.5780479767082946e-11,1.2287226729947761e-14,1.2803421609952877e-15,1.379542720527732e-13,1.7659605735974167e-13,2.7302406557318288e-12,1.2364929774970603e-14,1.485863111174911e-15,8.062153026148303e-23,2.0848976075001285e-13,2.2101061902609203e-15,2.1010222954309523e-15,4.9690202586527995e-15,6.449210696323885e-12,1.5292865786032749e-15,2.1686882379339602e-06,6.57644749869664e-16,3.8814541342289465e-10,1.2190403131347126e-22,1.5009133249960797e-09,0.00014906560301892249,5.233181891257917e-09,1.4999999977597126e-09,1.499999997750892e-09,2.779602195218094e-07,1.5035793367280836e-09,1.632489191282966e-09,1.4999999977500276e-09,1.500446808348021e-09,2.5642571519158533e-08,3.4129137707649957e-09,1.503285943076842e-09,1.5077485749259655e-09,1.6058122245846852e-09,1.502458023286322e-09,1.8209311920671365e-09,1.5006981571858456e-09,1.5000103389675085e-09,1.5000010625272017e-09,1.5025390666525627e-09,1.500016623693884e-09,1.5006438180422564e-09,1.5023152561228955e-09,1.6191715571148726e-09,1.5095415937947376e-09,7.066691792468323e-06,1.5003997787542016e-09,3.828516339074751e-09,1.5000000022117426e-09,0.0,0.0,0.0,1.0,0.0,0.0,0.0,0.0,0.0,1.0,0.0,0.0,0.0,0.0,0.0,0.0,1.0,0.0,0.0,0.0,0.0,0.0,0.0,0.0,0.0,0.0,0.0,0.0,0.0,0.0
Odorscene9,3.4132167745792214e-14,3.831587494041693e-23,2.991110544272036e-15,3.582015526060969e-11,2.6773491831797024e-15,5.172327812341163e-25,8.192194680542911e-19,1.3901341979756615e-11,1.0383552172563567e-11,8.940161507184774e-17,1.419494733553734e-14,1.6484612010894199e-13,6.054470575303039e-10,1.2007227072446616e-18,1.669120449517739e-06,6.843150429265124e-17,1.7157397887763898e-13,8.245003705692941e-14,2.266837968095821e-17,9.414482148100786e-12,2.1134192312356727e-11,3.270972269194609e-16,1.5727490274891739e-16,9.497070894671868e-05,3.5345429014434514e-07,1.9114953561016158e-14,2.155461535677147e-15,6.232325104827961e-18,3.688224054205631e-15,2.5430392636041314e-14,2.0003398691559484e-09,1.9999999960277225e-09,2.0001472916044186e-09,2.983613526797648e-09,2.000051965506405e-09,1.999999996049232e-09,2.0002857341043037e-09,2.3856658253929732e-09,2.510199714999174e-09,2.0026568061028397e-09,2.026058128040992e-09,2.0753303930509676e-09,1.2601456888350901e-08,2.0000137794235005e-09,6.5035306272364915e-06,2.000004923245745e-09,2.054485562104098e-09,2.0180459143661875e-09,2.0000480764193432e-09,2.204380858940306e-09,2.4975469055709197e-09,2.001141013377622e-09,2.000021614955119e-09,0.00021738827040713703,1.8166982919038487e-06,2.000815678887896e-09,2.011679746799288e-09,2.0001280419640876e-09,2.004112555718196e-09,2.0049879077239155e-09,0.0,0.0,0.0,0.0,0.0,0.0,1.0,0.0,0.0,0.0,0.0,0.0,1.0,0.0,0.0,1.0,1.0,0.0,2.0,0.0,1.0,0.0,0.0,0.0,0.0,0.0,0.0,1.0,0.0,0.0
Odorscene10,1.8738926103133902e-10,9.368963608168615e-14,9.090322345828198e-14,4.223819310292311e-15,0.0002860109562547124,1.6898013959982998e-13,0.0041070802343842,6.989282595299539e-10,1.0626194282660212e-16,1.9500490034232692e-16,6.281003345444271e-05,3.728417545131516e-15,1.286249879190108e-06,8.885702706503192e-13,1.2585595869219128e-13,1.4778570754578719e-05,3.676876369548928e-12,3.617611198358079e-14,3.8622629893658104e-11,4.125045815849579e-17,2.313142971472534e-12,3.9358677516185646e-11,5.917607574654882e-14,2.0094505166927371e-22,6.1775568587555e-09,4.749615790414605e-17,7.0442368274162306e-12,5.817771586195299e-15,1.1304363939574136e-12,2.0020659257230585e-14,3.964085489056365e-09,2.578955129570097e-09,2.5106253383178695e-09,2.5025018122970297e-09,0.0005555518733698489,2.519455788114878e-09,0.006255044535756687,8.173524849476247e-09,2.5000032303952854e-09,2.5012593699161987e-09,0.00015918704411576817,2.5006248174753235e-09,3.467072816751502e-06,2.5130984964329762e-09,2.594312105942376e-09,3.1243185883305566e-05,2.7147563323893933e-09,2.5030263140006657e-09,3.027757234211705e-09,2.5000008024466723e-09,3.18855271528111e-09,4.449869764520811e-09,2.5007361921878464e-09,2.5000053077049836e-09,3.436087184614643e-08,2.5007072513800174e-09,2.728944762504921e-09,2.500318212240174e-09,2.737816472088575e-09,2.502902721013697e-09,1.0,0.0,1.0,1.0,0.0,1.0,0.0,0.0,1.0,1.0,0.0,0.0,0.0,0.0,1.0,0.0,0.0,0.0,3.0,1.0,0.0,1.0,1.0,0.0,1.0,0.0,0.0,1.0,0.0,0.0
Odorscene11,1.221298568354112e-13,3.2010885055150705e-15,6.47488825144561e-11,3.8122195067000537e-13,1.0648208728564483e-22,3.516486201344458e-17,2.4362322426336963e-15,6.6004661879092865e-06,0.014622797024846831,2.13055536205555e-14,3.1578279923445746e-13,4.672777659751019e-13,2.3437141637797392e-09,3.4853604541351266e-12,9.878578742520751e-08,1.7674161896829257e-13,4.4607744072686394e-15,1.9521805194656882e-07,4.715405398417033e-22,7.523260802955036e-15,9.703010050951197e-14,2.064936180129146e-09,1.4288652274272064e-09,1.488510915992857e-10,5.5757309073260905e-16,8.888988458640763e-12,8.80740753010997e-14,2.587771664482088e-08,0.0022638239467402204,1.4421198343290595e-11,3.0471962676670774e-09,3.0010277786540485e-09,4.446346488419301e-09,3.012902904087633e-09,3.0000027590588433e-09,3.000020604624001e-09,3.020563885825695e-09,1.377392562895749e-05,0.017451547242632627,3.0035768679833233e-09,3.130169403691684e-09,3.083780366059573e-09,2.948276576047704e-08,3.0549402532291178e-09,2.6343516432175003e-07,3.016790028483644e-09,3.015294858098312e-09,7.539115505197072e-07,2.9999999910104765e-09,3.0000614582716967e-09,3.0121760990563654e-09,3.9892337292193844e-08,1.2254904919639507e-08,4.058499643326143e-09,3.0011461712573334e-09,3.9954160350214695e-09,3.044918535024548e-09,2.227916183651706e-07,0.004005621836449097,4.176764856255389e-09,0.0,1.0,0.0,1.0,0.0,0.0,1.0,0.0,0.0,0.0,0.0,0.0,1.0,0.0,0.0,0.0,0.0,0.0,1.0,0.0,1.0,0.0,0.0,0.0,0.0,0.0,0.0,1.0,1.0,0.0
Odorscene12,2.0819111601402215e-17,1.1043960878576601e-13,4.251501504646107e-08,3.7245741770214646e-11,3.101660072508208e-11,0.001021090503330219,0.04532957987088857,2.609397286925427e-11,2.4884875114425973e-05,4.5999318014950867e-17,3.6467782654046585e-08,4.5675456710712235e-12,1.1090073821365835e-09,3.73533371409528e-10,1.2845077718163513e-12,1.580779138226322e-14,1.2206504585390416e-07,5.402894553742012e-13,3.410078829122595e-13,6.8912584204183404e-09,3.4233482991088577e-09,1.0090259528389735e-07,3.0125773172220845e-11,6.066502171768473e-06,2.958670453910186e-13,0.0003682827443644718,7.980190447336045e-09,0.022987601400973653,4.50931708977586e-13,4.820811670714918e-17,3.500492416051918e-09,3.593072237585583e-09,2.841832820554755e-07,4.5237482886744164e-09,3.803689411613206e-09,0.0017001260130476534,0.05310823513876988,3.770452876198805e-09,4.764521891205995e-05,3.5001980782022752e-09,2.91334095009655e-07,3.5658065410643656e-09,1.1933547027184203e-08,6.0616370377415374e-09,3.585221487493437e-09,3.502536650559559e-09,5.126420224751449e-07,3.506967781941028e-09,3.6354917588350023e-09,4.163474707466308e-08,3.237310956084199e-08,3.439638090615225e-07,4.623552925190681e-09,1.611503624386338e-05,3.5215775499133667e-09,0.000622059754915625,5.7303082403071567e-08,0.03217818833009283,3.5189274860877978e-09,3.5005357807897683e-09,0.0,0.0,0.0,0.0,0.0,0.0,0.0,0.0,0.0,2.0,0.0,0.0,0.0,1.0,1.0,0.0,1.0,0.0,1.0,0.0,0.0,0.0,0.0,0.0,1.0,0.0,0.0,0.0,0.0,0.0
Odorscene13,1.0324622268497267e-13,3.29940205684316e-10,2.0991997532186126e-09,4.552711228029356e-12,8.287289493619783e-19,1.1227426315264216e-13,2.0715955420555152e-17,3.6432130716792195e-20,5.026459168427264e-12,1.3484669308043011e-08,4.0986110934115276e-10,4.4565365537860025e-20,5.698922715236248e-07,4.419947297439799e-19,1.6159391034318224e-15,8.184317782079269e-09,4.6692080954596686e-14,6.906803063526488e-14,2.901471571827526e-19,4.942096840876024e-05,2.666946996356304e-20,2.405476536957691e-13,3.237413401326768e-11,2.1919173739707326e-20,2.250825427503629e-12,0.4999999802120659,4.3880600647844425e-09,1.3701293156953467e-15,1.9645735839493742e-25,0.17970228704357563,4.0036045425181624e-09,6.410208683147886e-09,3.5482096493027654e-08,4.216823826944415e-09,4.000188637856471e-09,4.001512608440849e-09,4.000019778687428e-09,4.000208791943645e-09,7.065587952313563e-09,7.232768186982826e-08,1.1866354161792825e-06,3.999999984497496e-09,1.4359793529512603e-06,4.000318393025917e-09,4.000413971200985e-09,4.411240673074616e-08,2.3367836463741127e-08,4.1850880310614756e-09,4.000001401859234e-09,8.688100260648042e-05,4.139951550375669e-09,4.010860298107116e-09,5.9768435893843546e-09,4.001905999758914e-09,4.789346857915278e-09,0.5000000222602086,5.428645424251564e-08,4.000023890121654e-09,4.0010341827264495e-09,0.19380549146224021,2.0,1.0,2.0,1.0,1.0,1.0,1.0,1.0,2.0,2.0,0.0,1.0,0.0,0.0,1.0,1.0,0.0,1.0,1.0,0.0,0.0,0.0,0.0,0.0,0.0,0.0,0.0,1.0,1.0,1.0
Odorscene14,2.950353082592932e-47,7.936330134522975e-54,5.50438719521306e-18,1.04919682780338e-51,3.7641539911807696e-22,8.633502000182448e-42,9.681710454540039e-73,7.0490223175239405e-71,1.4457693732612207e-18,9.734951811608247e-15,4.995977199468437e-24,3.785584727220057e-45,1.2029977069948257e-08,5.374400614424466e-05,1.8298422476683703e-41,3.3814382734876224e-82,1.2529516947452153e-17,8.896489100453614e-12,5.797905186091183e-15,1.1393882609826914e-25,2.7916795249220272e-34,2.9608102997839124e-41,5.7092487766189495e-40,1.6950306135458143e-71,2.493410831145228e-32,5.5232688537768314e-18,9.204274008887163e-47,6.107774909231621e-36,2.1509139336709524e-31,4.339829522309069e-16,4.505132219584767e-09,4.502772593301277e-09,1.996204996706514e-07,4.4999999817826355e-09,4.5070331650490045e-09,4.500013639576115e-09,4.499999987450902e-09,4.4999999960040035e-09,6.22839268528164e-05,4.501070285735028e-09,1.0207199680083074e-07,4.509587342485426e-09,0.008332081687310039,0.0009859075730256949,4.5050021340837334e-09,4.524540812417838e-09,2.1895398072034027e-06,0.0038968049280357297,4.734123021743643e-09,4.501695249880378e-09,4.500280178501966e-09,4.933937427755542e-09,4.502058825976722e-09,4.500021890201547e-09,4.554492529611606e-09,4.500063348282351e-09,4.588778167055739e-09,4.500143448572183e-09,6.439155654353842e-08,4.524552618962259e-09,1.0,1.0,0.0,0.0,0.0,0.0,1.0,0.0,0.0,0.0,1.0,1.0,1.0,1.0,2.0,1.0,3.0,1.0,2.0,2.0,1.0,1.0,2.0,3.0,3.0,1.0,1.0,2.0,2.0,0.0
Odorscene15,1.4148845318065627e-15,1.6839293508791556e-37,5.5530362652407635e-33,1.2335456754642024e-36,0.1590445751177132,1.0914198382185074e-27,2.320406802598063e-35,5.83250723103347e-132,1.2631280690939578e-45,9.405782484847657e-10,3.457494920944291e-23,5.4443262654501554e-21,4.398436808044133e-07,3.630380361334442e-44,2.867515196273583e-11,1.356670473642624e-50,2.240605457961512e-12,3.2511569446055923e-44,4.671079318813781e-83,6.672370803247349e-08,9.010648778237255e-28,1.525852008357584e-18,6.743163654343352e-14,1.5519497892691205e-43,1.7534664700293785e-15,1.6195566817723076e-60,8.687636855142902e-47,2.3660181373369125e-27,7.429643688666205e-45,4.05618838474798e-60,5.015224597719875e-09,5.0000003732544965e-09,5.012275228274081e-09,5.3577170117457685e-09,0.21490949920991187,5.000004988066482e-09,6.855337017279758e-08,5.000136059418849e-09,5.00000070397617e-09,7.091543764673845e-07,5.002690111832352e-09,5.552375476666679e-09,3.849596243977658e-06,5.164303080124091e-09,2.8318303287146083e-06,5.002087230940356e-09,5.042637688479138e-09,5.000464425082808e-09,5.0253644942027914e-09,0.008949486313177563,1.4407106879738842e-05,5.002499323337692e-09,5.545912128536051e-08,5.0051231287960525e-09,5.00143178509342e-09,5.469186765365174e-09,6.170256906457049e-08,5.048750566155833e-09,5.00000125787524e-09,5.001060070332335e-09,1.0,0.0,1.0,0.0,1.0,1.0,2.0,1.0,0.0,1.0,0.0,1.0,0.0,0.0,1.0,0.0,2.0,0.0,2.0,2.0,1.0,0.0,1.0,1.0,2.0,0.0,3.0,4.0,1.0,1.0
Odorscene16,1.2633773156399405e-13,5.315302209205779e-07,3.072218593320331e-13,1.6604715372443728e-22,1.9832240597265854e-35,3.1363807457517534e-56,3.2502143299290225e-13,1.8734547355303278e-54,3.8052260536314126e-24,8.07890187473066e-21,1.1966890824617531e-06,5.85098595012208e-48,1.07200519697818e-25,3.809563702477938e-21,3.149343157005772e-11,4.108533560939363e-11,1.5056963348016962e-17,2.1603140790877533e-28,2.545494065311662e-16,4.933032410387643e-11,6.0964998507447e-28,1.0134951264257028e-19,7.510585975728901e-16,1.1959940120050113e-15,2.408818209064647e-19,4.723204754128149e-28,8.996487899197781e-16,4.171479447725215e-16,3.505015940499376e-10,5.792336931836596e-05,6.077004865625033e-09,1.0682953399461275e-06,6.006958324579814e-09,3.213534626928547e-08,6.026565505286089e-09,5.999999981051562e-09,6.000470847197328e-09,6.00000369173573e-09,6.002492153409588e-09,6.012202163118525e-09,3.9007068065917585e-06,6.0716826376327e-09,6.140577085549642e-09,6.001872018757066e-09,0.008182843566949803,0.0014206827235484615,6.002674206486502e-09,6.00361769030779e-09,5.999999964139343e-09,6.4150579616621e-09,6.447042149247433e-08,6.04039358392643e-09,6.00322797964155e-09,6.022314009837594e-09,6.000580098532345e-09,3.38566558542303e-06,6.060354422575196e-09,6.113602469356537e-09,9.686034250074125e-09,0.001818792838543865,1.0,1.0,0.0,1.0,2.0,1.0,2.0,1.0,0.0,3.0,0.0,1.0,0.0,2.0,0.0,0.0,1.0,0.0,3.0,3.0,0.0,0.0,3.0,0.0,0.0,0.0,3.0,2.0,1.0,0.0
Odorscene17,1.6772377208913e-13,8.982672215731938e-11,0.49999999799600936,8.265182092678989e-13,1.6007292051066438e-08,2.309654591655347e-16,8.468874339738077e-12,1.7068698067858136e-12,2.6018619213644384e-15,6.911830014937225e-08,4.952269341007732e-07,1.8891571347983097e-11,0.23468276297711352,5.814860976568069e-12,2.9820319791650603e-13,2.8073571373859283e-11,1.4800590434076372e-10,6.3500137736442196e-12,7.959736010022013e-05,1.6693388565623618e-11,2.2796955899780917e-12,1.1057364069242905e-08,7.9911607580325e-12,7.958824504537941e-13,7.600816556522484e-13,3.645506015622597e-12,5.5341820396586346e-09,0.006670329878112305,6.78989719884111e-11,1.9220204289718385e-11,7.000104351119476e-09,7.423093154603049e-09,0.5000000027887506,7.000496014652811e-09,4.439234740433336e-08,6.999999951003081e-09,7.020730969421102e-09,7.00060100348898e-09,7.000000402229733e-09,1.6922215488922345e-07,8.037756732776742e-07,7.019031763394287e-09,0.2427755460227871,7.015902472733466e-09,7.000003813283893e-09,7.132760918257446e-09,7.537578741857945e-09,7.00293683279899e-09,0.00010316055532671145,7.032149426254433e-09,7.001199699147281e-09,3.2124030095214954e-08,7.0098966504731305e-09,7.000416894355842e-09,7.0000386424856015e-09,7.002262180750257e-09,1.8097967841437005e-08,0.007279094850644991,7.100780170667709e-09,7.070391534627715e-09,1.0,0.0,1.0,0.0,2.0,0.0,0.0,0.0,1.0,1.0,1.0,1.0,0.0,0.0,0.0,1.0,1.0,0.0,1.0,0.0,1.0,0.0,0.0,0.0,1.0,2.0,1.0,0.0,2.0,2.0
Odorscene18,0.00018456471589371057,6.831723833153089e-12,8.761913690243796e-12,5.3212630758483537e-11,6.671881213804515e-12,0.0010200167745558868,1.063830227783141e-11,4.89813938936886e-12,1.978174560200267e-06,1.4282812324433413e-12,3.152033337323433e-07,1.783671502639573e-11,1.2087771226185672e-09,0.2633837669276857,0.0976760314331965,0.051324775692369234,0.09416968775440493,1.7762552757066045e-12,2.966693912918057e-12,1.2426574050743003e-12,2.8968800881738418e-05,4.011188155879583e-06,9.486294000631945e-09,0.3739219199319224,1.0679733145129499e-11,1.584096576781637e-11,1.5971945137707086e-11,0.00075614508073001,7.094891620079216e-13,3.3599021485733525e-10,0.0002501571922425523,8.015612772766826e-09,8.051162684736348e-09,8.21334233836406e-09,8.00694976308725e-09,0.0013093774177548598,8.00567689053111e-09,8.012173296260257e-09,3.5864354162020244e-06,8.000020519441966e-09,4.576369456750173e-07,8.080629090897396e-09,1.1886939917229896e-08,0.2714353395206286,0.10440495427527464,0.05459930927553104,0.0981400520846167,8.00045462301746e-09,8.00556715584357e-09,8.002793074410272e-09,4.0268163815482055e-05,6.8539157556069205e-06,2.582343642827143e-08,0.3782611845125717,8.033812107864179e-09,8.023465983478968e-09,8.012564809892624e-09,0.0009288574786332133,8.000013238029594e-09,9.238799756469676e-09,1.0,2.0,0.0,0.0,0.0,2.0,0.0,0.0,4.0,1.0,0.0,0.0,0.0,0.0,1.0,1.0,3.0,0.0,0.0,2.0,0.0,0.0,1.0,1.0,1.0,0.0,1.0,2.0,0.0,0.0
Odorscene19,1.1496417338511584e-07,5.47674296254344e-12,3.296628352828082e-12,1.0303302054136498e-11,2.0640320790668316e-09,2.8881689137696837e-10,2.6437967421555434e-13,7.328715813318459e-10,3.860249445522431e-14,0.49999999777849385,0.001133314298337414,4.134708914235387e-09,8.954680415594266e-14,8.178075243675053e-16,5.522898376070251e-16,1.4805022053786941e-12,2.36897481002856e-14,7.649453635917078e-12,5.470608111530139e-10,2.159491748959539e-17,4.418816630217102e-11,1.3446835094739398e-11,2.3828241149942767e-14,1.53687186051912e-09,5.017085643388418e-09,0.00013223994958713053,4.901779904893433e-16,1.04015619090591e-08,1.270728590108229e-14,5.31570418685148e-14,1.4083219605924996e-05,1.927100407031039e-08,9.171553557853574e-09,9.013308823188452e-09,1.3084010848416486e-08,3.4396713092970865e-07,9.000813516826055e-09,1.2952152181625402e-08,9.307953798020744e-09,0.5000000022273506,0.006663570751774034,2.446662511426696e-06,9.288724843462251e-09,9.00540532462694e-09,1.1009286498952308e-08,9.028886431003035e-09,9.167074706306611e-09,9.00180020093694e-09,2.793753469653044e-07,9.28324366017811e-09,9.073294556287158e-09,9.409839949201697e-09,9.033090846230954e-09,5.226727435400541e-08,5.75201082213936e-07,0.0011496940197444142,9.000164789097322e-09,1.392037876622221e-07,1.1588013161795893e-08,1.059843993177779e-08,0.0,1.0,0.0,0.0,0.0,0.0,0.0,1.0,1.0,1.0,0.0,0.0,1.0,0.0,1.0,1.0,1.0,0.0,2.0,1.0,1.0,0.0,1.0,5.0,3.0,0.0,2.0,3.0,2.0,0.0
Odorscene20,4.619878999851393e-41,1.2237265770070605e-14,1.4218054414087831e-11,2.6784389097585213e-12,2.5219360961237416e-10,2.376375946814527e-21,3.260586093743418e-06,3.5566035025254517e-19,6.536005428211206e-13,8.489485058555114e-19,5.2910831315754843e-14,6.4269525590086876e-12,1.4180011911938401e-12,5.332717815664492e-07,1.0677151648516194e-11,9.520989579539346e-16,3.2249233784442197e-27,1.6962044664575395e-09,3.430746020740159e-05,9.212089209998284e-15,2.903991039730656e-13,8.70712590604798e-15,6.881608570777999e-17,0.03240236114698283,3.0537677633121955e-11,0.00012305755613939757,1.802059742552304e-22,3.884297519031889e-08,6.282957659362226e-16,1.1474074370035013e-05,1.0000038232052485e-08,1.1012373396550723e-08,1.1688953302039785e-07,1.692369768309583e-08,3.283751154307986e-07,1.0008893592609371e-08,7.327573892251571e-05,1.0000051800390535e-08,5.4382377146247876e-08,1.0003773527246319e-08,1.012191990134139e-08,1.2906396175099669e-08,1.0079108101264187e-08,1.6508147404864636e-06,1.80920202688745e-08,1.0060249756337077e-08,1.0000811000441386e-08,1.168523645098147e-06,9.524402699507246e-05,1.0058402558459169e-08,1.0087168234225316e-08,1.0213955864661156e-08,1.0584436517544808e-08,0.07734310287533544,1.5061016279573264e-07,0.0011251291196654823,1.0038533116217981e-08,7.300127635975291e-06,1.0032619394249884e-08,0.0001738443606551242,0.0,0.0,0.0,1.0,1.0,2.0,0.0,0.0,2.0,1.0,2.0,4.0,1.0,1.0,1.0,5.0,5.0,1.0,1.0,0.0,3.0,1.0,0.0,1.0,2.0,1.0,0.0,0.0,4.0,0.0
Odorscene21,3.225028606889178e-11,5.039365437097896e-16,3.314083459102668e-05,8.083310618268152e-23,1.761276569593488e-09,2.891612930275361e-07,1.0629666078866552e-14,1.5567487661335024e-11,1.157615045983621e-14,0.00039673856518884684,4.360853253771315e-14,1.0304470130665041e-19,1.4780154810410485e-05,2.8200415816258526e-09,0.00011043587352603594,0.0026826715190723907,0.4999999964411853,1.8271021575078747e-16,1.5597952166258052e-12,1.0100700172177608e-13,0.0004078945678294377,6.25152618902892e-05,0.0008799878503623984,7.838305335922902e-15,7.909726567597542e-05,5.676111149645279e-13,1.3573017101679396e-12,0.00024553315386604657,6.152769997432332e-19,5.522549112478555e-07,1.3469792618777093e-08,1.3171774939322298e-08,0.00011947969307825131,1.200131466863254e-08,1.446324907846244e-07,5.675068146728478e-06,1.2026477351825305e-08,1.3255844494935729e-08,1.2041299039531002e-08,0.0009300235754619375,1.2490331871810578e-08,1.2000007694969186e-08,4.383082998290789e-05,5.382836494623594e-08,0.0002642100664292096,0.0050956440325953395,0.5000000035605516,1.211043961275797e-08,1.3034807186581008e-08,1.205391579473469e-08,0.0017964331595063448,0.0004267443375523279,0.0016941240486649468,1.2263138049032206e-08,0.00019397401989154257,1.3141337296125036e-08,1.2415507136987348e-08,0.000582591315544152,1.2001600623191538e-08,6.161418118365317e-06,2.0,0.0,2.0,2.0,0.0,1.0,0.0,0.0,3.0,0.0,2.0,0.0,2.0,2.0,2.0,2.0,2.0,2.0,1.0,2.0,0.0,1.0,1.0,2.0,3.0,1.0,1.0,2.0,4.0,1.0
Odorscene22,4.2548854269259817e-16,1.6629066194742523e-12,2.811639154372192e-06,1.0683778127838309e-08,0.47115972976911047,1.0311610941996998e-07,4.135075248808689e-05,6.804407872620806e-05,2.9535484947279205e-16,0.020375701769603075,6.052480944966132e-06,1.0809516536643207e-05,3.836308532595591e-14,2.2885440885119576e-11,3.94770881523741e-12,0.0019907867184953644,6.067867922523704e-06,1.0320100754745211e-15,1.9140682187603888e-08,0.4810523318337444,0.004072744364071964,1.923477968225076e-06,3.949742366889374e-12,0.4999616471587211,2.8627583152019317e-07,9.402587641334027e-14,3.092659009997283e-05,2.9801632102483683e-10,0.004118865272412228,7.944466174240076e-08,1.534179036594706e-08,1.5870805027975054e-08,9.309638586720237e-05,1.1827452090683334e-07,0.47838888898447657,1.1910625452973874e-06,0.00014724620808002122,0.00016585145551202904,1.4356079954304628e-08,0.03369297578316251,1.912248033602221e-05,3.059392885948317e-05,1.4122745706142253e-08,3.5236272426076835e-08,1.7285615219876114e-08,0.002958289400232004,7.027339693279681e-05,1.6222690074475828e-08,1.7274811529145758e-07,0.48472816732041835,0.006540224551708569,0.00010762666220785056,1.4934645738783897e-08,0.5000479617782642,3.2933267648975484e-05,1.9209974576590067e-08,8.265381754186821e-05,3.1932884671226245e-08,0.006565423618065369,1.150715620481854e-06,0.0,0.0,0.0,0.0,1.0,1.0,0.0,1.0,0.0,2.0,0.0,2.0,1.0,1.0,2.0,1.0,3.0,0.0,4.0,0.0,2.0,0.0,0.0,2.0,3.0,1.0,1.0,0.0,5.0,0.0
Odorscene23,0.49999999592705174,0.1389053435039268,9.653369922590842e-06,4.16897360645408e-13,0.00017655648358966917,1.1248922664537607e-11,8.942886094278434e-10,7.821417660850493e-06,0.0027263768154790063,0.003836564907252416,1.8667584831448707e-06,0.1002155805416947,4.479239598693541e-14,4.5412261700560946e-13,6.033309192497769e-11,3.5420145028073027e-12,0.004056926831255025,0.0014890893581389814,1.1635293805430359e-13,0.3026655326308432,2.744909323156958e-10,2.630860902381275e-10,0.012247493078503834,1.0273537291894989e-17,0.2362437163742942,2.302339156275273e-09,0.07201698274677377,1.0011877187013085e-07,0.007039155696073766,3.9925713582207925e-11,0.5000000040729754,0.17762557202049659,0.0003363104620991326,4.1090720991746346e-08,0.0003413346714103609,2.2882668100832143e-08,1.7892508498249301e-06,0.00025030572059916187,0.007597131311572682,0.006828991222857318,6.888908052363435e-05,0.15454320672358565,2.6777930556509726e-08,2.0352363061702564e-08,1.1820776863789765e-07,4.4075834238350754e-08,0.007578091569679644,0.0034826638374303594,2.0950149526707973e-08,0.35976921083359586,6.074924974919664e-07,4.4172097275602255e-08,0.020863539316783364,1.7142516835963525e-08,0.3120373216263346,3.002683475730437e-07,0.1339590198408917,1.3588578249659008e-05,0.01340453858902872,2.1540134127380447e-08,3.0,3.0,1.0,1.0,0.0,5.0,2.0,3.0,5.0,2.0,0.0,3.0,0.0,2.0,5.0,2.0,1.0,1.0,5.0,1.0,1.0,1.0,1.0,2.0,3.0,1.0,1.0,3.0,4.0,1.0
Odorscene24,0.0031577010907379117,1.3114762323113903e-13,3.6222772761235635e-09,0.028426367243362526,6.073616136434379e-12,0.0007633851927736032,8.896883374644834e-06,0.4999999948869769,3.374826858164921e-08,0.00444900409200121,0.00999268136327832,3.2680806310905476e-07,2.5887942772725624e-12,1.1411625506241126e-12,5.602646735021007e-07,2.458410228036913e-05,0.00046406271483711686,3.723110608040786e-06,3.2272607987856897e-13,2.654053239315578e-07,5.8126769640959134e-11,2.425098745032868e-10,1.6162036665610387e-06,1.1597140156826238e-11,0.2398407365481597,0.37700591621190727,3.6709582237968865e-10,8.724520459317284e-11,1.2616469520121208e-10,2.7456308012168216e-09,0.01846530422051079,2.8599100612029508e-08,5.278783666204892e-08,0.07886118015577218,5.298375741025418e-08,0.0022861729663476533,2.0683307432707193e-05,0.5000000051130234,2.2405603560185407e-06,0.007287728325302395,0.018334314671512707,1.4339470049224784e-06,2.1353103646530768e-08,2.0675868639885928e-08,4.6909603495338515e-06,0.00015070414763463673,0.004220453921986756,2.524511863499706e-05,2.1236058004972197e-08,2.554736520941737e-05,3.3894431407368076e-08,2.9229017731738927e-07,5.8242892090427654e-06,7.330077555171514e-08,0.3235720458820294,0.40070235068988286,2.992176576036e-08,2.3983889203500942e-08,4.929212865556111e-08,2.333916070665198e-06,4.0,2.0,3.0,1.0,3.0,1.0,3.0,3.0,3.0,4.0,3.0,4.0,0.0,3.0,3.0,4.0,4.0,2.0,4.0,5.0,2.0,2.0,4.0,5.0,6.0,0.0,1.0,5.0,4.0,2.0
Odorscene25,1.3244564843681799e-05,1.8056916291643914e-10,1.3132894912963486e-08,9.956700852641963e-06,0.0019309447439247668,0.44271703249042044,0.09240330533918871,1.1101180076850801e-07,0.025686990706633623,4.646425263893702e-06,2.0792295700031364e-14,0.008249225028551169,0.23131387201006942,3.315750738828746e-06,0.49999999254463773,0.02777167951181725,0.1303547302609215,1.2579151789221792e-10,8.643914685147213e-08,0.08961781030788633,0.010001271139549963,0.0017632062969884987,7.359902915530241e-05,5.5423071968127246e-05,0.0001147708041844128,8.907765621732454e-08,1.3909344682004062e-07,7.695687991855833e-07,1.0767059901988816e-06,0.020297137944506792,7.612967953097922e-05,3.5043922900640896e-08,2.0143321504942666e-07,5.0282823272858933e-05,0.004302746334154609,0.4498154172186852,0.1362223820397738,1.211707101261066e-06,0.03665711029718686,1.4024340305032433e-05,2.5117560684953374e-08,0.016992363708944955,0.2626090737343125,1.0875770855890679e-05,0.5000000076844644,0.038161702867130096,0.17885208077046238,1.605053752465817e-07,9.726958783799424e-07,0.1585315487098401,0.025399883395285937,0.004336820924598482,0.0010468875360289643,0.0001575575359375676,0.0005034556392967217,6.377577110265771e-07,9.105803348609374e-06,5.147667245578994e-05,4.165788615424917e-06,0.040903113416012715,1.0,3.0,0.0,3.0,1.0,5.0,5.0,0.0,3.0,6.0,1.0,2.0,1.0,4.0,3.0,4.0,6.0,3.0,6.0,2.0,3.0,2.0,1.0,8.0,8.0,2.0,5.0,6.0,1.0,0.0
Odorscene26,0.41038020139007264,4.14801255851548e-08,0.057006616804616494,1.058069854573081e-07,1.6880753946867742e-10,0.00369182458360412,0.23660468006757976,5.052435797322531e-06,0.07912496527536164,2.767627909414313e-08,0.24748743436383952,0.001273234408998322,0.0005215949809526838,8.95095396279148e-06,1.0050814456246254e-05,0.007589329125409086,2.691625029835606e-10,2.2436370095899185e-05,1.2568157922318146e-10,4.149908376577961e-07,0.4806333667588428,0.6036836472035488,0.0015768090307542383,0.4884375110943998,4.699144079579036e-06,0.08415240360973271,8.008532322412816e-05,0.49999996660038376,0.08957237526172293,0.25581122861584826,0.42087033035638605,2.1808653066867534e-06,0.07259677200192373,6.74527505830922e-07,3.296774483305728e-08,0.0051383652873556425,0.2486549028453707,1.6500162656079958e-05,0.09581846603697833,2.3340644164102586e-07,0.2702614222939942,0.002061735680119694,0.001105633670774063,2.3416916895058048e-05,1.878626082878423e-05,0.011650186509320934,3.606056727217376e-08,7.290863269946355e-05,3.453860163382548e-08,1.9698250495644885e-06,0.48807120867509335,0.6117272125122395,0.002755219118369279,0.5045545711602294,1.290744138703888e-05,0.10300177330205537,0.0001857627321450469,0.5000000401039786,0.10816691550854356,0.28197107038545427,1.0,2.0,0.0,5.0,2.0,2.0,0.0,2.0,4.0,5.0,2.0,2.0,3.0,6.0,6.0,5.0,8.0,2.0,7.0,4.0,2.0,3.0,3.0,8.0,9.0,3.0,0.0,5.0,4.0,1.0
Odorscene27,1.6149986103736788e-08,2.2472453501569592e-07,0.09488591644536734,4.5080851981597906e-15,0.4999999471560997,0.007905455503293532,7.519004022396721e-11,2.7621426335935723e-13,0.0011045320710273256,4.4834593560116056e-11,3.923966772532425e-13,0.49994412052908194,5.3863981799996614e-11,5.86484809822418e-09,0.020906910953092616,2.887227948757328e-11,0.1508025891133741,0.003495223035623452,3.320139957811052e-13,6.014406351913911e-05,0.00027038409107582134,5.499292117078758e-10,1.600073770700696e-08,2.0166666891731735e-05,1.838355373371282e-14,0.0009274365761880681,2.82830566993692e-07,1.6212685020696489e-12,4.341461717185989e-07,0.02760040793039114,1.6932061560054494e-06,0.0011279071516032359,0.11281625559356474,1.883781824538534e-07,0.5000000537716929,0.012372052577893164,0.00462832420929502,3.5194870826528996e-08,0.0022272383197879373,4.4677143251455944e-08,3.687252770636735e-08,0.5000664888604963,6.315426962636064e-07,5.376243419222997e-07,0.026990764885770513,3.637581385355689e-08,0.18157370262083242,0.019905630825653393,3.5394737670376126e-08,0.00016835893359225455,0.011590255125653596,4.8861571486536714e-08,7.638317486021282e-08,4.788828839281819e-05,3.6676218223535655e-08,0.005365125841227577,1.4182509460289596e-06,2.236502356252478e-05,0.00021952577126997663,0.22599269182359819,5.0,2.0,2.0,3.0,4.0,3.0,3.0,7.0,2.0,3.0,1.0,2.0,1.0,6.0,1.0,6.0,8.0,3.0,8.0,3.0,7.0,3.0,3.0,4.0,7.0,5.0,1.0,8.0,10.0,0.0
Odorscene28,7.344375753114771e-11,1.8788893950206582e-07,0.003696065095370455,0.13572666870215094,0.18783893426242299,0.16140335447625268,9.161632839293789e-10,0.0009790445362095133,0.1604104404940267,0.03063316319770015,0.00023645500018596629,0.12275521113728308,0.3248354882693206,0.21919741292533293,3.598352061064847e-05,9.119625034348446e-06,0.00031638662622366005,0.050188643948429604,0.5148992411703106,0.0016781603280127694,0.08042487199349424,0.24180693362800032,0.008173688333896506,2.2184451603680837e-09,1.4581740476797353e-10,0.5126959246205302,0.05739836951953101,0.028545524105795344,0.019637000051919585,1.936153683879848e-05,4.331314952923523e-08,3.1805905578558536e-06,0.004669542590228208,0.17569119268198066,0.20022929075557358,0.19798588059770927,6.154287329130233e-08,0.00143671787051581,0.18746816181233694,0.04586358241485135,0.0008299421851919669,0.1361024224512504,0.346502154091492,0.25833986215628735,8.032616274145736e-05,4.5707118019751417e-05,0.0008018956507165921,0.07028037703945325,0.5249032596665303,0.002585236523003929,0.09383583472595379,0.2555188363587432,0.011563325763534298,1.8328139182194595e-07,6.056528482107742e-08,0.5218334321643899,0.06973986602525623,0.039597930800029976,0.02326378770975344,4.110772466175591e-05,4.0,4.0,3.0,4.0,6.0,6.0,1.0,6.0,3.0,7.0,2.0,3.0,4.0,5.0,7.0,6.0,8.0,2.0,13.0,4.0,1.0,4.0,4.0,8.0,9.0,3.0,1.0,9.0,4.0,2.0
Odorscene1,0.0,1.250358555372286e-286,5.778306043728246e-55,2.2711409641151503e-206,2.879844468706727e-143,1.5807588184718126e-86,8.475833897233744e-276,1.2289455657083955e-34,1.7624871583169233e-12,2.0716486057167044e-27,7.763399632077446e-71,5.473492945932415e-67,6.2164292464205214e-71,2.270990837968617e-33,0.0,7.643848168719454e-28,1.595325671490474e-71,2.5250805333767e-93,1.955e-320,2.7068213033665955e-125,3.237725454962634e-84,2.1689835032906934e-26,0.0,0.0,1.819633467e-315,4.416624207103604e-97,3.8447032702598636e-116,2.7510793599820298e-14,1.2018775946699332e-39,6.284121904446523e-129,9.999999999e-11,9.999999999e-11,9.999999999e-11,9.999999999e-11,9.999999999e-11,9.999999999e-11,9.999999999e-11,9.999999999e-11,1.0004796224096122e-10,9.999999999e-11,9.999999999124998e-11,9.999999999e-11,9.99999999900024e-11,9.999999999e-11,9.999999999e-11,9.999999999e-11,9.999999999e-11,9.999999999e-11,9.999999999e-11,9.999999999e-11,9.999999999e-11,9.999999999003037e-11,9.999999999e-11,9.999999999e-11,9.999999999e-11,9.999999999e-11,9.999999999e-11,1.0002544695999313e-10,9.999999999e-11,9.999999999e-11,0.0,0.0,0.0,0.0,0.0,0.0,0.0,0.0,0.0,0.0,0.0,0.0,0.0,0.0,0.0,0.0,0.0,0.0,0.0,0.0,0.0,0.0,0.0,0.0,0.0,0.0,0.0,0.0,0.0,0.0
Odorscene2,2.540649502994543e-16,3.7129992198965067e-54,2.19450472621051e-158,4.3836720598381885e-30,2.7549723863799547e-25,7.709409217829311e-37,3.094762486123904e-16,3.4973804664814815e-45,3.407123392296382e-229,2.8798664135531627e-28,2.3215673083388986e-98,1.7637288808613888e-66,7.879574144852476e-38,9.672963524272522e-34,9.086932156496913e-78,5.0002693570531146e-23,8.189430897393087e-43,1.707169976e-315,1.2489499254251843e-11,1.5474710836547314e-69,4.2039321996334217e-47,2.9226309996746e-80,3.3718246192524066e-34,4.448565962032574e-32,3.0202228854901793e-192,1.0555787673038324e-292,8.0498450526151115e-25,1.2191666816318261e-26,9.871454062445307e-134,9.472563972591377e-18,2.0000001222949585e-10,1.9999999996e-10,1.9999999996e-10,1.9999999996e-10,1.9999999996e-10,1.9999999996e-10,2.0444934663138975e-10,2.0000000001147008e-10,1.9999999996e-10,1.9999999996e-10,1.9999999996e-10,1.9999999996e-10,1.9999999996e-10,1.9999999996e-10,1.9999999996e-10,1.9999999996e-10,1.9999999996e-10,1.9999999996e-10,2.1054127451752493e-10,1.9999999996e-10,1.9999999996e-10,1.9999999996e-10,1.9999999996000122e-10,1.9999999996e-10,1.9999999996e-10,1.9999999996e-10,1.9999999996000042e-10,1.9999999996e-10,1.9999999996e-10,1.9999999996000363e-10,0.0,0.0,0.0,0.0,0.0,0.0,0.0,0.0,0.0,0.0,0.0,0.0,0.0,0.0,0.0,0.0,0.0,0.0,1.0,0.0,0.0,0.0,0.0,0.0,0.0,0.0,0.0,0.0,0.0,0.0
Odorscene3,2.0849462461787293e-27,3.1767871925105153e-144,1.2619363354369324e-244,2.871357715104482e-28,1.0516691693254745e-28,2.44715734373654e-56,2.30507532086031e-92,1.915150080469978e-36,4.515598692501516e-14,3.200731645279708e-30,3.8626090271636876e-17,2.2468825586379574e-28,2.482008093341791e-16,2.238116799814752e-14,2.575495215217029e-19,2.9485858758805206e-15,1.964217311496325e-38,1.7332621760464174e-43,1.918855689412925e-83,1.6576991908934656e-62,1.601624588304677e-33,5.2096565847244054e-24,3.0990475686691367e-23,1.0430642341584978e-38,5.765689483029913e-82,1.0036902577758726e-25,1.0292668012933012e-15,3.095678848681568e-33,6.4538737480057886e-170,2.9202758515834347e-91,3.002605398962466e-10,2.9999999991e-10,2.9999999991e-10,2.9999999991e-10,3.000041999035892e-10,2.9999999991e-10,2.9999999991e-10,2.999999999123059e-10,3.000186849215641e-10,2.9999999991e-10,3.000000055569228e-10,2.9999999991e-10,3.000000407012032e-10,2.999999999131049e-10,2.9999999991e-10,2.999999999100044e-10,2.999999999153827e-10,2.9999999991e-10,2.9999999991e-10,2.9999999991e-10,2.9999999991e-10,3.0006629438725455e-10,2.9999999991000006e-10,3.001363291240363e-10,2.9999999991e-10,2.999999999953538e-10,2.999999999100006e-10,3.000554892635868e-10,2.9999999991e-10,2.9999999991e-10,0.0,0.0,0.0,0.0,0.0,1.0,0.0,0.0,0.0,0.0,0.0,0.0,0.0,0.0,0.0,0.0,0.0,0.0,0.0,0.0,0.0,0.0,0.0,0.0,0.0,0.0,1.0,0.0,0.0,0.0
Odorscene4,3.1175602857516468e-19,1.0685554993286475e-12,0.499999999925,4.64744186242651e-22,7.922219286993488e-62,2.173224882405191e-31,5.548987755443522e-46,1.779754580067749e-73,0.0588869864446628,4.8826060881357235e-29,4.377876422843762e-17,2.519841731329238e-49,8.490102366042885e-33,8.923092012378944e-77,1.2491984166905905e-93,9.797509126490758e-21,9.920164984302576e-28,5.6195505210653995e-15,3.566040493373784e-39,1.7240010402103348e-15,5.275128194907029e-13,6.919411038419318e-107,5.349358317293889e-47,9.430612211649257e-19,1.541022940860262e-18,3.367841418116721e-16,2.8718777755358803e-19,1.2147653952917364e-36,3.344163039824288e-29,2.2606687193248635e-36,3.9999999984e-10,4.000192767318118e-10,0.500000000075,3.9999999984e-10,3.9999999984e-10,3.9999999984e-10,3.9999999984e-10,3.9999999984e-10,0.10385331123888861,4.0009061577181117e-10,4.000001879474931e-10,3.9999999984e-10,3.9999999984e-10,3.999999998400001e-10,3.9999999984e-10,4.000000002717215e-10,3.999999998400008e-10,4.5255416745710563e-10,3.9999999984e-10,4.000037803562265e-10,4.000010942239546e-10,3.9999999984e-10,3.9999999984204786e-10,3.999999998481265e-10,3.9999999984e-10,3.999999998400033e-10,4.0004564536304866e-10,3.9999999984e-10,3.9999999984e-10,3.9999999984e-10,0.0,0.0,0.0,1.0,0.0,0.0,0.0,0.0,0.0,0.0,0.0,0.0,0.0,0.0,0.0,0.0,0.0,2.0,0.0,0.0,0.0,0.0,0.0,0.0,0.0,0.0,0.0,0.0,2.0,0.0
Odorscene5,3.773941345536435e-30,2.33865733831145e-21,4.1273665703505197e-67,1.163717802933007e-90,8.490352770925132e-60,2.8320080291392355e-13,4.651581382798991e-16,1.696370179029536e-43,8.701343052152323e-63,4.0316620376410008e-22,2.511870259348863e-18,8.833116314927862e-09,1.6574936856848804e-182,9.561595692502366e-23,5.361363038975732e-70,2.723997486699662e-32,1.806581291601891e-15,2.3297478624374574e-18,7.197908227811717e-17,1.4502926492402277e-35,1.8570080069204188e-18,1.361556461479575e-43,2.058471605025214e-15,9.242493044708941e-36,2.2244584739074773e-54,3.8238585766503504e-17,5.917888497225612e-18,6.699634273115903e-39,2.0736579754700481e-106,2.9193447292997105e-21,4.9999999975e-10,4.999999997500067e-10,4.9999999975e-10,4.9999999975e-10,4.9999999975e-10,5.00000265397909e-10,5.404187634921467e-10,4.9999999975e-10,4.9999999975e-10,5.000492875831623e-10,4.999999997604489e-10,2.19849861899528e-07,4.9999999975e-10,5.003043813208988e-10,4.999999997557372e-10,4.9999999975e-10,1.3103465229803267e-09,5.000000000962306e-10,5.000011109685004e-10,4.9999999975e-10,4.9999999975e-10,4.9999999975e-10,5.000000931928222e-10,4.999999997502525e-10,4.999999997500005e-10,5.193697617900268e-10,5.000000005311918e-10,4.9999999975e-10,4.999999997500165e-10,4.999999997500032e-10,0.0,0.0,0.0,0.0,0.0,0.0,0.0,0.0,0.0,0.0,0.0,0.0,0.0,0.0,0.0,0.0,0.0,0.0,0.0,0.0,0.0,0.0,0.0,0.0,1.0,0.0,0.0,0.0,0.0,0.0
Odorscene6,2.7600539998419492e-24,3.6674585955403325e-11,7.542532115965738e-19,1.1480722553289988e-30,9.890935401477019e-22,5.410444964776878e-57,2.9444970553980683e-32,7.029022834144467e-29,1.1113062699752027e-15,5.80085554197233e-20,4.134414277976995e-32,2.242092461673291e-19,1.589258179957637e-36,5.810314628981291e-27,1.9124919317768894e-20,0.011933825776703183,2.877806156779047e-30,1.6127449034003465e-18,1.7747234977743738e-34,9.710159032345742e-49,3.37519366894183e-28,1.2870095332094622e-96,5.519163131034981e-17,7.148425928271226e-07,8.99653489720005e-05,2.421787086191846e-25,1.6160409611215903e-46,6.7372021994277e-20,4.808848319525575e-35,3.095598682927724e-18,6.9999999951e-10,8.016007213114678e-09,7.000677688913076e-10,6.9999999951e-10,6.9999999951e-10,6.9999999951e-10,6.9999999951e-10,6.9999999951e-10,7.000000648475833e-10,6.9999999951e-10,6.9999999951e-10,6.999999997249319e-10,6.9999999951e-10,7.008140041636023e-10,7.00000003712443e-10,0.012960183390810568,6.9999999951e-10,6.9999999951e-10,6.9999999951e-10,6.9999999951e-10,7.058938394051023e-10,6.9999999951e-10,7.000000003578524e-10,2.1992891539395757e-06,0.0001060215171172054,7.000000006026608e-10,7.000086500124411e-10,6.999999995100005e-10,6.9999999951e-10,7.000041125828837e-10,0.0,0.0,0.0,0.0,0.0,0.0,0.0,0.0,0.0,0.0,0.0,0.0,0.0,0.0,0.0,0.0,0.0,0.0,0.0,0.0,0.0,0.0,0.0,1.0,2.0,0.0,0.0,0.0,0.0,0.0
Odorscene7,2.5988778074003457e-13,1.0897986747500597e-17,1.0658157135610246e-11,2.4743559781134554e-16,5.1106749083160433e-26,1.8428380315538553e-41,2.6848397182249882e-45,4.490365787395482e-19,9.110662879640978e-14,9.747554155778379e-14,9.914235507215447e-10,9.439957074854567e-27,1.2932665709620308e-12,3.4650294636456247e-32,9.677683131704471e-13,6.246373911229227e-20,1.8676777807324676e-21,1.5668223354630017e-17,1.0400987235907733e-11,8.350498987464074e-20,6.95313868090391e-13,2.5315772973489133e-49,5.210484372369482e-28,2.572018721298659e-12,6.97197724613927e-15,6.496445393616231e-36,2.4503055208104453e-14,5.42941489811783e-27,8.797724199657975e-05,2.6580846364908905e-19,1.0242332343677823e-09,9.999999990000988e-10,1.0031613880470517e-09,1.0000465874866834e-09,9.999999990000001e-10,9.999999990040206e-10,9.999999991181019e-10,9.999999990000001e-10,1.0000000475819185e-09,1.0000009684124353e-09,1.2102302320003522e-08,1.000003408193815e-09,2.0969898135129715e-09,1.0012886676483299e-09,1.0317837901546082e-09,9.99999999100392e-10,9.999999990055799e-10,1.000023956476725e-09,1.0016340883023783e-09,9.999999990000001e-10,1.0000002389830217e-09,9.999999990000003e-10,9.99999999000109e-10,1.1023881493522078e-09,2.110404939670185e-09,9.999999990000109e-10,1.0831893478663826e-09,1.0000212262405668e-09,0.00023316860076308168,1.0278223806146623e-09,1.0,0.0,0.0,0.0,0.0,0.0,0.0,0.0,0.0,0.0,1.0,0.0,0.0,0.0,0.0,0.0,0.0,0.0,0.0,1.0,0.0,1.0,1.0,0.0,0.0,0.0,0.0,1.0,0.0,0.0
Odorscene8,6.715914385462307e-23,8.028216340263451e-14,1.4053265393373797e-17,2.6709873010786905e-12,2.3963007087118053e-11,1.368948053251811e-17,7.770566843109539e-19,2.6253127494642754e-14,8.564218744000197e-27,0.27542484658926575,7.921066080296822e-08,4.6004349996908687e-14,2.0893055499727974e-29,9.280065488690556e-16,1.2594334860483522e-17,8.143831935380408e-14,9.435930441186456e-17,6.22806160237808e-08,6.712373867664749e-18,7.947672404812058e-12,2.7212324446518226e-16,3.711496184263694e-11,4.41263585420213e-39,5.463910291660267e-16,3.6856864542135667e-19,5.114806288558069e-23,3.0459438207709746e-23,5.442144926279333e-12,5.071629744482284e-05,1.9506569956167726e-14,1.501375546207333e-09,2.3309009755401446e-09,1.5000654803034643e-09,6.308886254865119e-09,1.5624922051713098e-09,1.5000010381228229e-09,1.4999999977499997e-09,1.545725619448861e-09,1.4999999977499997e-09,0.29122827023668635,1.265594988849712e-07,1.5002904036341983e-09,1.4999999977502211e-09,2.8860050736526003e-09,1.5000060188175448e-09,1.6172421902610647e-09,1.5141402688723629e-09,8.284449458583034e-07,1.5000793692206674e-09,1.736169047248999e-09,1.4999999977499997e-09,1.5664962902818595e-09,1.499999998563075e-09,1.5000000022317035e-09,1.5000039228862603e-09,1.5000966965365516e-09,1.508903936309732e-09,1.5713074991843321e-09,6.099541210479658e-05,1.5000063284395414e-09,0.0,0.0,0.0,0.0,0.0,1.0,0.0,0.0,0.0,0.0,0.0,0.0,1.0,0.0,0.0,1.0,0.0,0.0,1.0,0.0,0.0,0.0,0.0,0.0,1.0,0.0,1.0,0.0,0.0,0.0
Odorscene9,3.917604261988794e-13,3.6229869075873546e-13,1.4901183150361435e-10,1.6080608897287843e-14,1.2308833244161342e-19,5.653269375260035e-08,1.4627548481348456e-12,2.984572859558485e-13,2.5349599585873e-13,1.6428826627988952e-16,9.817887536688685e-17,1.1058764263188371e-08,2.7873316482494808e-12,8.29856585652544e-12,7.128328193443662e-13,3.6252245004998976e-26,6.152314946445959e-19,7.211637074045376e-20,2.2012083020773255e-11,6.271170333035057e-10,2.8750253195538946e-13,2.580228348288636e-10,2.9701754228198163e-11,3.954304189604701e-11,4.0961485570870665e-11,8.67875858040557e-12,4.464645428796656e-15,2.2750118796788243e-13,1.1987195247010228e-16,7.144854649880722e-13,2.104619030630044e-09,2.061240323664306e-09,2.340557295533972e-09,3.6927362916695843e-09,2.1592502307685008e-09,6.508078432857367e-06,2.0000032382108572e-09,2.040782452023967e-09,2.1060391189527973e-09,1.999999997258441e-09,2.0001554916328854e-09,5.269916591357945e-08,2.0001987421493994e-09,2.267897529295153e-09,1.066764886380962e-08,2.0000001777026577e-09,2.015701505804699e-09,2.0000011731737028e-09,2.1340074699880057e-09,8.97386568482558e-08,2.0002058755877635e-09,2.489672997075048e-09,2.0250427028976326e-09,2.0983985559178396e-09,1.1712218199647513e-07,2.000806853076599e-09,2.000553756150784e-09,2.000001213018496e-09,2.0002795673783176e-09,2.008183378360738e-09,0.0,0.0,0.0,0.0,0.0,1.0,0.0,0.0,0.0,1.0,0.0,1.0,1.0,0.0,0.0,0.0,0.0,1.0,0.0,0.0,0.0,0.0,0.0,0.0,1.0,0.0,0.0,0.0,0.0,0.0
Odorscene10,2.7356211197443525e-21,2.7077457186957966e-15,3.756700028568326e-10,6.035424165347607e-12,2.2101712182316382e-13,9.52190916290495e-16,6.826031233042316e-07,1.2668750236455866e-10,6.719431945521387e-21,2.958309656059958e-13,1.5912521102573443e-14,1.3054232595814263e-22,5.300473533712411e-08,2.0972386476869154e-15,2.0800181512432157e-16,1.2473617453892053e-10,8.587459918773604e-07,0.22188978651839944,6.644725246801594e-13,1.4599934889589517e-16,1.4185649087522904e-22,4.986897785764831e-12,0.28543756178338536,3.846293879182857e-11,1.695547684291722e-07,7.177715371561763e-16,3.9344844996332837e-20,1.4527214445858479e-37,1.4453866455781617e-12,2.583127220487233e-19,2.51392086931972e-09,2.521169102452183e-09,1.0178790080445723e-07,2.5016493696305884e-09,2.5499824546761445e-09,2.695148391149023e-09,1.447390221908838e-06,1.1172772823625162e-07,2.50284913910381e-09,2.500000048061729e-09,6.147488364365751e-09,2.500171513783514e-09,6.084128410496715e-06,2.500191212816217e-09,2.8956421231866844e-09,3.2360968242428057e-09,2.4161208757873155e-06,0.26955474999036544,2.5002452217097345e-09,2.5000013249878488e-09,2.499999993750424e-09,2.5041996757862993e-09,0.33181933023000604,2.5659295127264263e-09,1.9322255270812633e-06,3.646350516018017e-09,2.5274798896967318e-09,2.4999999943567795e-09,2.5131379686449645e-09,2.4999999937500004e-09,1.0,1.0,0.0,0.0,0.0,1.0,1.0,0.0,0.0,1.0,0.0,0.0,0.0,0.0,0.0,2.0,2.0,1.0,0.0,0.0,0.0,0.0,0.0,0.0,1.0,0.0,0.0,1.0,1.0,0.0
Odorscene11,2.1503996747998203e-22,2.064895998231332e-16,6.013796323740239e-09,6.10979201538583e-17,1.380444379290411e-12,8.141227195512049e-19,1.793482086193328e-08,1.0351302370870909e-12,0.004386533926698419,1.7239985614715145e-16,4.03100543861011e-16,4.020662917234416e-07,3.869891533934289e-08,8.399981909241389e-23,3.3329459971414017e-09,1.7858755658383987e-11,1.2585955044889401e-13,5.697233820272496e-15,6.615511401547227e-07,6.881636653038353e-06,1.0178424912253505e-06,9.280514275461748e-09,2.4349627059105935e-15,2.4644181287525655e-17,2.8058100980667423e-11,8.916163963943467e-19,1.5321459195136096e-06,3.335907120326587e-12,6.437498910368068e-14,1.9051003492863566e-11,3.0005382258977295e-09,3.019054494540652e-09,1.3724277116670024e-08,3.6502252348440596e-09,3.1051408993605647e-09,3.0000000076417393e-09,2.0029369372880454e-06,3.000185317302588e-09,0.009161797463220132,3.0004083228993722e-09,3.0037366163765226e-09,9.743587806813452e-06,7.159955735393265e-08,3.016306072660535e-09,1.0008277174949259e-06,3.2410626354752726e-09,3.0193931792356437e-09,3.2096545685176777e-09,2.3629488279004977e-05,0.00016511231393134636,5.569071280783453e-06,3.3491695773372716e-07,3.4443373587992364e-09,3.0000017055458305e-09,3.0434777100786478e-09,3.0000089937496884e-09,3.8507812982495495e-05,3.508415457213944e-09,3.0970279592596907e-09,3.046813323835502e-09,1.0,1.0,0.0,1.0,0.0,1.0,1.0,0.0,0.0,1.0,0.0,1.0,0.0,0.0,0.0,1.0,2.0,0.0,1.0,2.0,0.0,0.0,1.0,2.0,1.0,1.0,0.0,1.0,0.0,0.0
Odorscene12,7.084670670359494e-12,1.1100437256099604e-21,8.558240399868847e-15,0.031236432715955716,9.607422761165851e-15,4.214951810910554e-12,2.7122007103418087e-21,3.8040269942983845e-10,2.59764230571823e-08,2.790100504051492e-15,5.535315102217657e-22,9.460579860194912e-21,1.891772028341313e-10,6.881148359851665e-10,3.895349234817366e-14,1.9548105700669847e-15,4.4252634900899525e-14,1.8150190657285098e-20,9.685238801117488e-16,9.014166999161768e-13,3.7829447571737224e-13,2.3730760248862946e-15,6.924767417771118e-17,1.1928294510431655e-16,0.0016741614815429628,2.3216042505667627e-12,2.8940001352494842e-08,0.055334394707344414,6.7910368587169325e-15,2.7541172033169006e-21,3.5680133063412367e-09,3.5000940359815337e-09,3.50009445589361e-09,0.037560189813927114,3.5000000118301894e-09,3.500396366880108e-09,3.500657378284358e-09,1.775465976897279e-08,6.319241582316953e-07,3.5005061127024832e-09,3.5004624174752257e-09,3.5000000116444265e-09,7.989321588840139e-09,5.440130257593714e-09,3.5000157261418814e-09,3.5002044669842333e-09,3.5088310905223235e-09,3.5779533924398652e-09,3.982751555449712e-09,3.649342098928734e-09,3.770766402284702e-09,3.6424350944644724e-09,3.5069433918747477e-09,3.500110194237321e-09,0.0048701178445162505,3.5265709676866576e-09,1.431178919852636e-07,0.06015056299556064,3.500339804941173e-09,3.5000006962613154e-09,0.0,0.0,0.0,1.0,0.0,1.0,0.0,0.0,0.0,0.0,0.0,0.0,1.0,0.0,0.0,0.0,1.0,2.0,2.0,2.0,1.0,1.0,1.0,1.0,2.0,0.0,0.0,2.0,2.0,0.0
Odorscene13,1.7466388419721298e-19,8.57316585997948e-05,0.00141375342056712,3.908254987521167e-19,4.3563743695712305e-14,4.64859079495557e-16,1.4936127905356385e-11,0.00025006976743326235,3.8692891965954396e-17,0.4999997010312235,3.017455298372702e-19,7.258410949740497e-08,3.888998859482599e-06,8.226288690811073e-14,2.989519213506958e-11,3.224278841822963e-08,2.138765783317273e-12,9.395925742138329e-15,1.1576769103367198e-09,5.332290124117992e-24,3.164098440206164e-16,3.539444451206983e-11,9.284473557385196e-11,5.953063135700656e-10,3.473598610552468e-20,1.7784106552243717e-15,3.679858379452651e-13,6.249775476600987e-19,4.73715221399472e-05,1.018915308702e-07,4.014631214570976e-09,0.0004971180715471643,0.09943004930515496,1.7502697401012778e-08,5.240118902098467e-09,4.985073110058817e-09,4.345455345644944e-09,0.029694023837404143,4.188912972962261e-06,0.5000002990598149,4.019234849722806e-09,0.000506724641223665,4.918157668401394e-06,4.046872309517003e-09,1.5906977437135897e-08,5.236345720312546e-07,5.832194566964266e-09,6.497156302167296e-09,1.8452332237402448e-05,4.5251566806760975e-09,4.714727539072769e-09,4.064403970998132e-09,8.268844010938995e-07,5.384069998002266e-09,4.007940018297163e-09,4.036615243860577e-09,5.276634914485788e-09,2.1604105474529442e-07,5.9701724183727996e-05,0.0029599285747896192,0.0,2.0,0.0,0.0,0.0,1.0,1.0,1.0,2.0,1.0,0.0,0.0,1.0,0.0,0.0,2.0,1.0,0.0,1.0,0.0,1.0,0.0,0.0,1.0,1.0,0.0,0.0,1.0,0.0,0.0
Odorscene14,0.02805670212534491,5.072152852707956e-30,6.509831865424982e-44,4.156736948811914e-15,8.785638203715053e-14,4.149994768618031e-56,7.067092546058316e-12,7.799315984159041e-05,1.1370289092150444e-14,0.019868133226112084,0.0013463041313150398,1.8472095013097695e-14,1.40458295520548e-05,2.258001680262461e-12,6.032883256836693e-56,2.3350244616792868e-23,1.03400428158936e-43,4.675713245834446e-38,1.2408673756296133e-07,0.00026250970363189766,2.0672596047500864e-11,2.2410433931106945e-08,2.1090274467427546e-13,7.649440813761167e-05,4.252765124872658e-13,1.0010423924218004e-15,8.536653400819955e-06,2.615710182989099e-07,1.1713504121067717e-15,1.4400952494101098e-43,0.13406656232926656,4.500837140801035e-09,4.581408551817337e-09,1.0611508063626491e-05,1.5510369467426038e-06,4.886543640554145e-09,1.7648434765684766e-08,0.034573910880332244,4.83723611480871e-09,0.14330198447836096,0.014141745268378216,5.516320129924267e-09,0.0013104166834270877,2.5682746656132675e-07,4.6964031888661885e-09,4.510076897535234e-09,4.50825993113864e-09,9.491020422055036e-09,0.007498720769064486,0.06322535994367855,8.94566843253366e-09,0.0002561999289537695,7.637880138050472e-09,0.007439939429362652,5.251117214091457e-07,4.9176227992115086e-09,0.019317904929532392,5.878435064068591e-06,4.872873298229369e-09,4.500565520954474e-09,0.0,0.0,0.0,0.0,0.0,1.0,0.0,1.0,1.0,1.0,1.0,1.0,1.0,0.0,2.0,1.0,0.0,0.0,2.0,0.0,1.0,1.0,0.0,1.0,1.0,0.0,0.0,0.0,1.0,0.0
Odorscene15,1.5159536640094953e-31,2.8199151485935986e-09,0.007102261854212352,1.0381314256785176e-18,5.619273151451176e-07,0.0036905195647195864,1.8035369173514357e-22,0.3943871602190354,0.2839125499882362,1.8876481244843693e-20,7.42310185870772e-19,2.7163724848939175e-15,1.1313450127862255e-14,6.348180983618688e-19,0.4391528940782209,1.020553512313457e-14,6.605474383301407e-23,2.002587407940781e-18,1.0107517429486765e-06,3.983295665778859e-14,3.4988905003732345e-10,1.9323212383037267e-32,4.74994222032263e-12,0.00038818829231992513,4.6594870707738804e-07,8.997144587586826e-05,3.567298737793712e-31,5.464112030915231e-17,3.185086668712682e-26,0.4521044112493273,5.001186293105192e-09,2.9317016309287005e-07,0.023229339834753098,5.083288643238722e-09,0.004236210751799233,0.031508645287021624,1.9537975349721995e-08,0.4771504001880626,0.31317773089485273,2.688820172018081e-06,5.003359241478937e-09,6.157275921401761e-06,1.427172039413755e-08,7.276869519550062e-09,0.45670352262574726,1.1543945008890915e-07,5.07106349678175e-09,3.409215041760765e-08,0.00015379135730572057,1.6404307407571036e-08,0.0011331057226819992,5.164403604525993e-09,3.3500584881102503e-06,0.061389771429875714,5.588330576251837e-06,0.0013003897316901819,5.043197581010892e-09,9.143475998185087e-09,5.4956721359000635e-09,0.47655963278614355,0.0,0.0,0.0,0.0,0.0,1.0,0.0,1.0,2.0,1.0,1.0,0.0,0.0,0.0,1.0,0.0,2.0,0.0,2.0,0.0,0.0,0.0,0.0,0.0,0.0,0.0,0.0,0.0,0.0,0.0
Odorscene16,9.5082226386117e-08,4.421679390434481e-15,4.991092763675001e-07,4.6706970871125566e-15,3.502451587145182e-21,0.08785883845436587,1.5433682741198761e-06,0.0004857507589414481,4.052326651103976e-10,0.23214258663337373,4.9298635414200535e-12,1.5680228005014763e-16,2.82091868553747e-19,1.294612184441318e-27,1.8736688004969154e-22,8.79435711273444e-09,1.250107814558549e-13,2.945156541780632e-14,7.790407338625402e-08,5.2342621145151115e-08,0.0004051314690332327,1.3487765082555493e-47,7.455166668049935e-19,5.451117451698295e-32,4.3361121512065515e-13,1.4273645369582598e-18,4.455491158249446e-12,1.0412162094541807e-22,5.162858076127342e-34,1.410064457460389e-15,1.247533660363443e-06,7.670469586125793e-09,0.013058484104704688,2.8800895269388136e-05,2.613795293895097e-07,0.21298824021132878,0.0006760643640882971,0.002167267488869186,2.9363227973699287e-06,0.4140562879566528,7.652784964803164e-09,6.089130570623866e-09,1.775514477219833e-08,6.299811046039186e-09,6.942606503368942e-07,9.814297374487255e-07,6.380860567880598e-09,1.769292526717884e-06,3.7568225528875106e-05,0.0007726854212436203,0.0011611286166994229,6.009981800743886e-09,1.2749774503529046e-07,6.401009856981418e-09,1.0261463058345653e-08,6.349671485209554e-09,1.0079824078740504e-08,3.595891400824627e-06,6.000187705081296e-09,7.580798089463592e-09,1.0,1.0,0.0,0.0,0.0,0.0,1.0,0.0,0.0,1.0,0.0,1.0,0.0,1.0,3.0,2.0,1.0,2.0,1.0,1.0,0.0,0.0,1.0,0.0,0.0,1.0,0.0,2.0,2.0,0.0
Odorscene17,6.047208595175101e-16,1.4575723193494356e-10,5.877723120559444e-13,2.3267244610097628e-12,0.32393972751382794,1.2258637998607625e-08,0.009070345883932155,3.646621435482485e-11,4.326910123792578e-13,8.643731368978458e-05,1.8148949430589453e-12,2.5172941127392123e-12,9.274732727163034e-10,2.600821799117982e-14,4.117379877375178e-12,4.191387367185063e-09,0.4999996328553459,1.4254528927456043e-09,7.099725540208812e-06,2.1718861406613215e-10,7.217913176672614e-14,3.926788005941639e-11,2.1235219484126628e-12,1.967821307477028e-19,5.737264651692435e-14,1.3263703357033721e-09,0.0010621632499677306,2.893443329919392e-13,1.7767638166355353e-08,9.91049600808188e-12,7.00016213215646e-09,8.796513938253766e-09,7.038915636024788e-09,7.097723169012289e-09,0.33634914705854263,6.645657830229702e-08,0.011849068963865192,7.666684606377771e-09,7.033433223412652e-09,0.0001553104353955463,7.080730144261226e-09,7.1020776296105095e-09,1.4430812884740222e-08,7.002986541015464e-09,7.132662273102817e-09,3.19153634729904e-08,0.5000020286622067,1.9011634634489012e-08,1.601246049506341e-05,9.357846238974624e-09,7.007312922379187e-09,7.755850678511559e-09,7.083848190506146e-09,7.000000223221041e-09,7.0058162412377644e-09,1.6586299732071237e-08,0.0016015335341130563,7.0206902014314734e-09,8.879763132354318e-08,7.272405962634012e-09,0.0,2.0,0.0,0.0,0.0,0.0,1.0,0.0,1.0,1.0,0.0,0.0,0.0,1.0,1.0,0.0,2.0,0.0,2.0,3.0,0.0,0.0,1.0,2.0,4.0,1.0,0.0,4.0,1.0,0.0
Odorscene18,2.5724747307020014e-06,5.446794660255358e-13,3.0377244167616335e-12,5.616313142173159e-10,7.122176335049921e-15,9.776452568429583e-11,1.1463858981208253e-10,3.056889662956843e-08,6.056222273417295e-07,2.3435183369876173e-11,6.39640150188246e-11,1.1527639093874561e-11,3.922353959718665e-13,9.96726442603917e-06,1.912558985174962e-06,3.2860532747891493e-14,1.449286518945415e-07,2.032523122937215e-09,0.4089637454851324,7.611065493579771e-12,6.881383264143265e-15,6.584635117095952e-17,2.704780611620082e-12,4.583744410019944e-10,0.3416202606245272,0.012443041568951827,2.675083657602129e-09,4.2960444032328666e-10,2.525389887870327e-07,9.585972988353226e-20,6.454353568946868e-06,8.038073662623056e-09,8.120044188949014e-09,1.397623878671927e-08,8.001140651227798e-09,9.354768278657965e-09,9.921597693409553e-09,1.4215694969628622e-07,1.7742900431173449e-06,8.509475152286786e-09,9.096541737372905e-09,8.353966468943156e-09,8.025765083907512e-09,2.148260739982074e-05,4.919589871661103e-06,8.003777549174728e-09,5.055056350372571e-07,2.143714622101216e-08,0.4165163967415902,8.220939824372075e-09,8.00096859151474e-09,8.00002489914244e-09,8.106808047698508e-09,1.2312412147704059e-08,0.352953941711277,0.015911800393987874,2.5386701398575163e-08,1.197903517335266e-08,8.992110861676783e-07,8.000000068920747e-09,1.0,1.0,0.0,0.0,0.0,0.0,2.0,0.0,3.0,2.0,1.0,1.0,1.0,1.0,0.0,1.0,1.0,2.0,0.0,1.0,1.0,0.0,1.0,1.0,2.0,0.0,0.0,2.0,4.0,0.0
Odorscene19,3.001098784027628e-08,5.63743211201003e-10,6.853071541113613e-11,3.9681112893350387e-22,5.798000738171944e-09,2.699548025559108e-06,1.1136372502927764e-17,4.13157748701009e-17,8.185372596033427e-15,3.907438883977259e-06,1.3555047993984718e-09,4.708770591867077e-15,0.13671715713793128,1.0541134791103246e-05,7.790728316365606e-16,5.990567073098843e-14,6.393266504893965e-10,2.6947325711700027e-05,0.04490864761386768,0.0004805112723792568,6.784681404969184e-10,4.0552073620386987e-13,0.015635965870562648,0.499592293361706,2.428060772164434e-10,1.7676417918231905e-07,3.0211447866092393e-05,1.531270088748466e-23,2.875078488984717e-16,1.795658042485177e-06,3.041678430205599e-06,5.140227291317613e-07,1.650924632480331e-08,9.186327732554307e-09,1.6884867256498983e-05,9.773253294429893e-05,9.161554811695748e-09,9.00035746853908e-09,4.558259427446189e-08,0.00023669694183881242,2.894195082308229e-06,1.232387207506969e-07,0.3505182679952334,0.011183762360826195,1.177691136016988e-08,1.6743234623029266e-08,0.00039370674480592924,0.008846185847196146,0.2402077851378855,0.06237925960750556,2.8143753993192e-06,2.0743532131518874e-06,0.06268910380554413,0.5005681678050166,5.065640361105532e-06,3.929860992575498e-06,0.0035559293893553186,7.286322458073838e-08,1.7249414258555905e-08,4.5921405230337926e-06,1.0,0.0,1.0,0.0,0.0,1.0,1.0,4.0,0.0,1.0,0.0,1.0,2.0,2.0,3.0,3.0,1.0,0.0,4.0,0.0,2.0,2.0,0.0,2.0,2.0,0.0,1.0,1.0,1.0,0.0
Odorscene20,7.569339474007591e-16,0.010125602936490247,1.6715084115459398e-12,0.0024335041709518616,0.03804222901248514,1.7297114864573863e-12,0.0011772756705026436,6.864080262650074e-18,9.3313915369214e-11,8.386047468213322e-07,0.004875754438771125,5.699283051202475e-16,1.9491795044368855e-05,0.00018273640915899696,0.4101919734178826,8.969366982226835e-10,1.4581168560033356e-10,2.9134339244259362e-15,0.0010003746755514564,1.8177951389389672e-08,0.191625472027057,7.499730956148925e-06,1.0879371580881918e-10,0.0008402974545346862,9.237316335261567e-10,5.512275826942976e-11,0.017593690057445387,1.6627016841239024e-05,0.0026141089010827496,1.6004307551499402e-22,2.1202415081511142e-08,0.030765576185633654,4.25107502311446e-08,0.011672927616679575,0.26774210759600975,6.560788505639361e-06,0.0517046418413804,1.0445670601625103e-08,2.0934109154483415e-07,0.00918792744084182,0.020758128635530164,3.6402964241879603e-06,0.004227816837471815,0.0015324338140679824,0.4399255570045942,0.0008738218747874827,2.3578097239169762e-07,4.41139178573188e-06,0.026846613280135025,6.289791591783446e-06,0.3514518764074671,0.0014405736039857803,7.390675589278992e-07,0.004719827831815484,2.6021499380028e-06,0.00018269658830352142,0.18806719707771194,0.0013968988677164516,0.08679838527216427,1.322378384009858e-08,1.0,0.0,0.0,1.0,0.0,0.0,1.0,1.0,1.0,2.0,0.0,1.0,0.0,0.0,2.0,3.0,1.0,2.0,3.0,2.0,3.0,0.0,0.0,2.0,2.0,1.0,1.0,3.0,2.0,0.0
Odorscene21,0.49999999666783096,1.8582724808004603e-09,1.12977633807604e-06,2.6345851077461865e-12,2.6842574416554628e-09,9.429839513098887e-09,0.035864816779210495,0.020289311154143987,1.4441139778081603e-12,0.001256964598485412,0.001894338595395152,1.9299268901220924e-11,0.05307732050427226,3.0853827752605634e-12,6.971687761571103e-07,1.4896156182528588e-11,2.3667755026109935e-12,2.237885060695664e-07,0.03516987549121723,6.13475434509085e-10,8.862369460486696e-08,0.2630110981497876,2.2417026242421514e-08,0.013904346913737287,1.5296593620022692e-09,3.68052710817048e-11,3.379722899780994e-12,0.02289707564808459,0.004357582717242667,6.566341857660283e-08,0.50000000339017,1.9122937901213375e-08,4.577446720597492e-06,1.2224108594152348e-08,4.648868662081821e-08,0.0024748409108644076,0.04329082696402363,0.02706700173893267,1.2036356187785461e-08,0.002432969378491667,0.0030683473482007013,1.2262483179758483e-08,0.06284670417269862,1.204789052684983e-08,3.6947422500000124e-06,1.2383079209829215e-08,1.2035576714130384e-08,1.5574568967738506e-06,0.04840933018835411,1.6429043517748623e-08,2.1391821384409922e-07,0.28842859098644413,1.0343992969891481e-07,0.01779150925419977,4.318000690163072e-08,1.4874083281838695e-08,1.2146342581824572e-08,0.029551538420369703,0.005920994683753611,3.112772492925432e-07,2.0,0.0,2.0,1.0,0.0,2.0,0.0,1.0,1.0,1.0,0.0,0.0,2.0,5.0,1.0,3.0,2.0,0.0,4.0,0.0,2.0,2.0,0.0,3.0,3.0,1.0,3.0,1.0,1.0,3.0
Odorscene22,5.337166356016847e-12,0.14382290987433835,2.124325543571443e-08,2.1534459257612278e-07,2.9992703525313196e-13,0.03530680605632782,0.00020760513104999467,0.5000036400822562,2.6698055663625343e-08,3.151066141211826e-05,1.9541173870806686e-06,8.60760929704982e-08,0.00021065006310798455,2.147974335043663e-12,2.2914155846476526e-10,0.024895811118796747,2.1799813747287664e-07,1.8069825060807337e-08,0.04215991888011587,2.6670135901148588e-05,3.740590477499688e-09,2.8143274222425366e-11,1.6159143447982145e-09,0.005200384411542401,8.117760136885777e-10,1.689439379962929e-12,0.0018091970052303155,0.0004106780178728478,2.118806010423639e-06,5.3303336002309165e-11,1.4246084577050965e-08,0.17393846644047864,1.2646957402367111e-07,5.47557734073829e-07,1.4646318261217251e-08,0.0517570509370139,0.00037963039032699815,0.5000966929831365,9.077880429630208e-08,7.625928749615113e-05,1.3852798501112522e-05,4.270957220472961e-07,0.0004807365771404816,1.4081089934060235e-08,2.052276560232312e-08,0.030856470924773127,9.887439263022413e-07,1.1187974846802716e-07,0.05145868446967843,0.00010663898291001514,3.812370874561449e-08,1.5550393619717977e-08,2.274437174771665e-08,0.008612075946050991,3.714965917826589e-08,1.4139199811290675e-08,0.0033508223338642863,0.0006586474087925651,1.2592839818816366e-05,1.5091466051832546e-08,3.0,0.0,1.0,2.0,1.0,0.0,0.0,2.0,1.0,3.0,0.0,1.0,2.0,1.0,1.0,1.0,5.0,0.0,5.0,2.0,1.0,2.0,0.0,2.0,2.0,1.0,4.0,1.0,2.0,2.0
Odorscene23,2.545534058330418e-08,1.9752931235438678e-13,0.08286204626415465,1.0934424913464078e-13,1.0574418772947548e-12,1.0882999227060314e-11,1.8869191113949098e-07,9.674264057656018e-06,9.339586737543331e-09,8.20314955335094e-12,1.3399165923580234e-10,5.192283288971435e-10,1.845870875490442e-05,0.00021314600380077192,0.5009768154128335,4.531755490391246e-08,7.505446830510162e-08,8.400721403653994e-12,2.5901889393185547e-06,1.3090272882686892e-14,9.615576892575509e-12,0.576562756235274,0.00011395714035799113,1.0403552926422803e-11,2.0009330543320184e-16,4.835912974866043e-09,0.00046557513043783764,0.3295978086615954,1.8556757899815196e-09,0.00890582999640891,8.636785835431679e-08,1.6209085114263206e-08,0.15266753306826525,1.8530673835867522e-08,1.6729238047476177e-08,1.7396854000288084e-08,2.5198156755489226e-05,5.064060427373929e-05,1.8033960778315471e-07,1.699478402555307e-08,2.029231057450458e-08,2.0935649307746767e-08,3.2267379916759654e-05,0.0004818735968453894,0.5020521729078464,3.177422449588383e-07,8.485166968441029e-06,1.7751684078596764e-08,1.2577598033459152e-05,1.6008571306603014e-08,1.6331698609994013e-08,0.6130943192103839,0.0002322430657988879,1.6400109390568768e-08,1.6006735727228022e-08,6.947962919846406e-08,0.0012611124641399925,0.34214014147260696,1.0103471293691579e-07,0.014560049192068481,2.0,0.0,0.0,0.0,3.0,2.0,0.0,4.0,3.0,7.0,1.0,1.0,1.0,2.0,3.0,2.0,3.0,1.0,4.0,1.0,0.0,0.0,1.0,1.0,3.0,0.0,0.0,3.0,0.0,0.0
Odorscene24,2.5251822610561905e-05,8.309081885922807e-09,0.0004863670900618088,9.300454948743655e-14,9.13991411303622e-11,6.967952009332807e-08,4.874604275109037e-06,1.182429269514772e-14,1.0240366347247106e-08,7.019792142093362e-18,7.434141397867737e-09,1.0321971457466167e-13,2.432315840758564e-14,1.5726546145759295e-10,0.002147557482988052,2.2841756561632928e-17,2.047709636300455e-06,4.805697387454449e-13,1.907747687842955e-09,1.9551186065256443e-05,1.2795905128394041e-07,0.499983356002462,1.5415220036834396e-13,0.0002809011548677469,9.500960697081776e-10,2.8918141488983077e-12,5.145946019968046e-06,3.032160454674968e-10,5.907260379654183e-05,5.189793598405578e-13,6.967512997632704e-05,1.9591036721978383e-06,0.033184524829413406,1.0538101225583555e-06,2.7662986495262143e-08,0.05561922355441465,0.0002437631638283054,2.3364286164618923e-08,3.7296863853667246e-08,2.030857652437533e-06,0.0002596177894550424,2.015440105827711e-08,2.0002818365315965e-06,2.5768808371010677e-08,0.002922562103266667,2.0549671260687406e-08,1.1273410740429221e-05,2.0348531043324195e-08,3.471252342620152e-05,0.0005678958296247742,1.3159154127163791e-06,0.5000166439976987,0.0006497842537680257,0.002769426192353898,0.028237535833692807,2.118360823022509e-08,0.00019643581722647395,2.522131287140439e-08,0.0004157786247017922,0.0015113169568722914,5.0,0.0,3.0,3.0,3.0,7.0,0.0,3.0,2.0,2.0,1.0,2.0,2.0,2.0,3.0,1.0,3.0,0.0,5.0,6.0,0.0,0.0,3.0,3.0,1.0,2.0,1.0,6.0,1.0,4.0
Odorscene25,0.000788917913299203,2.966389692547114e-05,1.1801094779021004e-14,0.00011544502898523269,6.245694698550179e-05,6.231689094851924e-11,1.357594402532635e-18,0.0324034858306838,1.5315277196688194e-09,6.649349540737881e-13,4.2274824606341904e-05,0.05535408435747162,0.007024057548610479,5.212885182166033e-07,1.2442171999742567e-05,9.282388686553547e-11,0.02818305638772412,0.17531997383973608,1.3713608497884614e-23,0.023357686764129346,0.0016028463681751568,0.0834994687464783,6.220890743428213e-11,0.0041449227998871414,9.942605244461948e-07,2.183899001870195e-11,0.018958316518611847,1.3129551203211207e-07,0.4999679963782401,8.411046294310162e-05,0.02429615484507011,0.0013764332465525384,1.167761581102696e-06,0.006629316211225882,0.0070898575122346425,1.3914453974991328e-05,1.2318536931140218e-07,0.16573179488726034,1.637170454328964e-05,9.456438436935399e-07,0.047053917820349345,0.19371892578752878,0.050394127950631,0.0007482141877106677,0.0031473502018360064,1.3414906425818254e-06,0.11796522662657173,0.306678836550882,3.133938050018795e-08,0.12477075936856946,0.03152938511174072,0.18246729635744813,2.4748304511373744e-06,0.044138450548926685,0.00021509040977713727,3.253129549807723e-06,0.11306636525654912,6.743857058582838e-05,0.500032351422703,0.006026693264999695,6.0,2.0,4.0,2.0,1.0,4.0,1.0,3.0,7.0,5.0,0.0,2.0,3.0,4.0,3.0,3.0,2.0,1.0,5.0,2.0,1.0,0.0,2.0,5.0,7.0,4.0,2.0,4.0,2.0,3.0
Odorscene26,0.34741669814452275,9.43372323269154e-08,0.043768102810674746,4.283469144619098e-05,0.4987171356109878,0.5056017159549673,3.380706151624635e-05,0.0009690811434141289,0.0021560638998831655,9.35517919012477e-05,8.213814014296611e-12,0.000601065973410569,0.00020010968695163074,0.08392863094281601,1.3572386192671389e-05,5.994319129123558e-08,0.05132370762404021,0.007561890528738514,0.0004687479673383497,3.936244869194239e-06,0.000593158666369912,0.11180289630476402,0.17683484697715038,0.00025797835246911516,0.008241714333995153,0.027147746051361717,0.3142742237344771,0.09927756280451684,0.005020200905327067,1.3649757729545492e-06,0.3766178653884621,1.127523659900348e-06,0.06782530244488552,0.00019033954262668586,0.5059711100218307,0.5175231298667147,0.00016934824219636414,0.0023118556024603483,0.003976859542823958,0.0003466549205804257,3.042529402903002e-08,0.0015810940506475449,0.00045760997136948045,0.1158025904406387,4.667337729089751e-05,1.068507424713618e-06,0.07416525445599759,0.015872530153395476,0.0007169250663654825,1.5893411913977972e-05,0.0018643514070871337,0.14718515690010742,0.18426370854495672,0.0003414434341536773,0.036080649439922056,0.04644619452868525,0.3358664042812796,0.14041139627913707,0.009684572356385921,2.5808631475580007e-06,4.0,2.0,1.0,4.0,6.0,4.0,2.0,5.0,3.0,2.0,2.0,1.0,0.0,9.0,0.0,3.0,6.0,2.0,5.0,4.0,0.0,0.0,3.0,6.0,7.0,2.0,3.0,6.0,6.0,2.0
Odorscene27,0.004327015877058907,0.21868815210653972,1.4716070551640467e-05,1.8064757119139903e-05,0.45707996609923246,1.6689586822864756e-07,0.0005120456642131836,1.626088194929482e-06,1.4794402859666775e-09,0.05364674054570266,1.4502952089354423e-06,0.000390921686902152,0.0016945237465459824,0.008955128050505632,6.0602737683049404e-05,1.4241104642205526e-08,2.287961520762108e-05,7.605963311584269e-08,0.5000106460080388,0.030621950672049245,0.03404272152626774,4.065078371287414e-09,0.000971123988905246,3.07820403502461e-07,0.0031885237486092084,0.4999959996177361,0.04713604500519152,9.34894833120797e-10,0.0038125777668527763,0.13105318939260016,0.0070511843612495965,0.3495518245939734,0.004371910943123277,0.004111176751615133,0.4626507451878639,0.0005193198956056277,0.000992580034689218,5.488068036127974e-06,9.036017355700563e-08,0.0725897390672384,2.2638830416831415e-05,0.002431503050039694,0.034170831866076314,0.03133312239985841,0.00016817485892845364,3.6067703511929296e-07,3.5845997655360044e-05,2.1953129045426103e-06,0.500306079870818,0.17125262040774034,0.14613700061757948,1.7379518522224952e-07,0.0019252179412858686,3.7080582795759177e-06,0.005694421694429882,0.5000058489869805,0.1678792825843195,4.126433211621623e-08,0.052100844719314456,0.2932810352831879,9.0,4.0,1.0,2.0,5.0,4.0,3.0,3.0,0.0,8.0,3.0,1.0,3.0,5.0,6.0,5.0,8.0,1.0,7.0,4.0,3.0,3.0,3.0,9.0,8.0,5.0,2.0,9.0,6.0,1.0
Odorscene28,0.0447331229156406,1.3432908590258079e-05,0.499999116813522,0.002059760344462323,1.1879149141679867e-08,2.7945591395241357e-07,1.8182288032378453e-08,7.2361137989774634e-09,1.5909299475353898e-05,0.5043827518358409,0.009443284472874668,2.0819203567447826e-09,1.426825553825391e-07,0.378648179864676,0.18804147505967175,0.05770583744315278,3.926856775058446e-05,0.29037474639181027,3.870804012720357e-05,3.4224407520094686e-06,0.0015807626129371614,8.036614758066341e-05,9.051270936895961e-09,0.11407876134028085,0.0037561434389830795,1.1282483520863064e-05,0.0009040282049612398,0.0037122937908358115,3.0002205029658454e-07,3.533778276237455e-05,0.057104259153871316,2.9769629584328196e-05,0.5000038132177803,0.006263803116175716,1.5986029247944802e-07,2.337703347518524e-06,3.0674788612625346e-07,9.518458144433992e-08,7.902032957095305e-05,0.5145367099236298,0.0561402405010289,8.71378257245786e-08,4.778858007024481e-05,0.471062880924422,0.3641655667864977,0.1364943825698919,0.00013872332877814267,0.32111547610937424,0.00047026213699099444,9.255244872695528e-05,0.0036951086898357245,0.0001927016365215642,3.4125794984114903e-07,0.13157695272928283,0.007475521368093926,0.0001000773344145235,0.001889005754492673,0.007775409385777146,2.400199170974941e-06,0.00013242652536577247,5.0,2.0,1.0,4.0,0.0,6.0,3.0,7.0,5.0,4.0,1.0,2.0,4.0,5.0,3.0,7.0,8.0,7.0,12.0,5.0,6.0,3.0,2.0,10.0,12.0,1.0,2.0,11.0,6.0,4.0
